job_index,struct_name,ligand_name,mutation,ff,avg_csv_present,full_csv_present,status
0,"PA_pH1N1_6fs6-A_Baloxavir","Baloxavir","I38T","YASARA2",false,false,"missing"
1,"PA_pH1N1_6fs6-A_Baloxavir","Baloxavir","I38T","AMBER14",false,false,"missing"
2,"PA_pH1N1_6fs6-A_Baloxavir","Baloxavir","I38T","AMBER15FB",false,false,"missing"
3,"PA_pH1N1_6fs6-A_Baloxavir","Baloxavir","E23K","YASARA2",false,false,"missing"
4,"PA_pH1N1_6fs6-A_Baloxavir","Baloxavir","E23K","AMBER14",false,false,"missing"
5,"PA_pH1N1_6fs6-A_Baloxavir","Baloxavir","E23K","AMBER15FB",false,false,"missing"
6,"PA_pH1N1_6fs6-A_Baloxavir","Baloxavir","A37T","YASARA2",false,false,"missing"
7,"PA_pH1N1_6fs6-A_Baloxavir","Baloxavir","A37T","AMBER14",false,false,"missing"
8,"PA_pH1N1_6fs6-A_Baloxavir","Baloxavir","A37T","AMBER15FB",false,false,"missing"
9,"PA_pH1N1_6fs6-B_Baloxavir","Baloxavir","I38T","YASARA2",false,false,"missing"
10,"PA_pH1N1_6fs6-B_Baloxavir","Baloxavir","I38T","AMBER14",false,false,"missing"
11,"PA_pH1N1_6fs6-B_Baloxavir","Baloxavir","I38T","AMBER15FB",false,false,"missing"
12,"PA_pH1N1_6fs6-B_Baloxavir","Baloxavir","E23K","YASARA2",true,true,"present"
13,"PA_pH1N1_6fs6-B_Baloxavir","Baloxavir","E23K","AMBER14",true,true,"present"
14,"PA_pH1N1_6fs6-B_Baloxavir","Baloxavir","E23K","AMBER15FB",true,true,"present"
15,"PA_pH1N1_6fs6-B_Baloxavir","Baloxavir","A37T","YASARA2",false,false,"missing"
16,"PA_pH1N1_6fs6-B_Baloxavir","Baloxavir","A37T","AMBER14",false,false,"missing"
17,"PA_pH1N1_6fs6-B_Baloxavir","Baloxavir","A37T","AMBER15FB",false,false,"missing"
18,"PA_pH1N1_6fs6-C_Baloxavir","Baloxavir","I38T","YASARA2",true,true,"present"
19,"PA_pH1N1_6fs6-C_Baloxavir","Baloxavir","I38T","AMBER14",true,true,"present"
20,"PA_pH1N1_6fs6-C_Baloxavir","Baloxavir","I38T","AMBER15FB",true,true,"present"
21,"PA_pH1N1_6fs6-C_Baloxavir","Baloxavir","E23K","YASARA2",true,true,"present"
22,"PA_pH1N1_6fs6-C_Baloxavir","Baloxavir","E23K","AMBER14",true,true,"present"
23,"PA_pH1N1_6fs6-C_Baloxavir","Baloxavir","E23K","AMBER15FB",true,true,"present"
24,"PA_pH1N1_6fs6-C_Baloxavir","Baloxavir","A37T","YASARA2",true,true,"present"
25,"PA_pH1N1_6fs6-C_Baloxavir","Baloxavir","A37T","AMBER14",true,true,"present"
26,"PA_pH1N1_6fs6-C_Baloxavir","Baloxavir","A37T","AMBER15FB",true,true,"present"
27,"PA_pH1N1_6fs6-D_Baloxavir","Baloxavir","I38T","YASARA2",true,true,"present"
28,"PA_pH1N1_6fs6-D_Baloxavir","Baloxavir","I38T","AMBER14",true,true,"present"
29,"PA_pH1N1_6fs6-D_Baloxavir","Baloxavir","I38T","AMBER15FB",true,true,"present"
30,"PA_pH1N1_6fs6-D_Baloxavir","Baloxavir","E23K","YASARA2",true,true,"present"
31,"PA_pH1N1_6fs6-D_Baloxavir","Baloxavir","E23K","AMBER14",true,true,"present"
32,"PA_pH1N1_6fs6-D_Baloxavir","Baloxavir","E23K","AMBER15FB",true,true,"present"
33,"PA_pH1N1_6fs6-D_Baloxavir","Baloxavir","A37T","YASARA2",true,true,"present"
34,"PA_pH1N1_6fs6-D_Baloxavir","Baloxavir","A37T","AMBER14",true,true,"present"
35,"PA_pH1N1_6fs6-D_Baloxavir","Baloxavir","A37T","AMBER15FB",true,true,"present"
36,"PA_pH1N1_6fs6-E_Baloxavir","Baloxavir","I38T","YASARA2",true,true,"present"
37,"PA_pH1N1_6fs6-E_Baloxavir","Baloxavir","I38T","AMBER14",true,true,"present"
38,"PA_pH1N1_6fs6-E_Baloxavir","Baloxavir","I38T","AMBER15FB",true,true,"present"
39,"PA_pH1N1_6fs6-E_Baloxavir","Baloxavir","E23K","YASARA2",true,true,"present"
40,"PA_pH1N1_6fs6-E_Baloxavir","Baloxavir","E23K","AMBER14",true,true,"present"
41,"PA_pH1N1_6fs6-E_Baloxavir","Baloxavir","E23K","AMBER15FB",true,true,"present"
42,"PA_pH1N1_6fs6-E_Baloxavir","Baloxavir","A37T","YASARA2",true,true,"present"
43,"PA_pH1N1_6fs6-E_Baloxavir","Baloxavir","A37T","AMBER14",true,true,"present"
44,"PA_pH1N1_6fs6-E_Baloxavir","Baloxavir","A37T","AMBER15FB",true,true,"present"
45,"PA_pH1N1_6fs6-F_Baloxavir","Baloxavir","I38T","YASARA2",true,true,"present"
46,"PA_pH1N1_6fs6-F_Baloxavir","Baloxavir","I38T","AMBER14",true,true,"present"
47,"PA_pH1N1_6fs6-F_Baloxavir","Baloxavir","I38T","AMBER15FB",true,true,"present"
48,"PA_pH1N1_6fs6-F_Baloxavir","Baloxavir","E23K","YASARA2",true,true,"present"
49,"PA_pH1N1_6fs6-F_Baloxavir","Baloxavir","E23K","AMBER14",true,true,"present"
50,"PA_pH1N1_6fs6-F_Baloxavir","Baloxavir","E23K","AMBER15FB",true,true,"present"
51,"PA_pH1N1_6fs6-F_Baloxavir","Baloxavir","A37T","YASARA2",true,true,"present"
52,"PA_pH1N1_6fs6-F_Baloxavir","Baloxavir","A37T","AMBER14",true,true,"present"
53,"PA_pH1N1_6fs6-F_Baloxavir","Baloxavir","A37T","AMBER15FB",true,true,"present"
54,"PA-I38T_pH1N1_8t5w-A_Baloxavir","Baloxavir","T38I","YASARA2",true,true,"present"
55,"PA-I38T_pH1N1_8t5w-A_Baloxavir","Baloxavir","T38I","AMBER14",true,true,"present"
56,"PA-I38T_pH1N1_8t5w-A_Baloxavir","Baloxavir","T38I","AMBER15FB",true,true,"present"
57,"PA-I38T_pH1N1_8t6z-A_Baloxavir","Baloxavir","T38I","YASARA2",true,true,"present"
58,"PA-I38T_pH1N1_8t6z-A_Baloxavir","Baloxavir","T38I","AMBER14",true,true,"present"
59,"PA-I38T_pH1N1_8t6z-A_Baloxavir","Baloxavir","T38I","AMBER15FB",true,true,"present"
60,"PA_H3N2_2w69-A_Baloxavir","Baloxavir","I38T","YASARA2",true,true,"present"
61,"PA_H3N2_2w69-A_Baloxavir","Baloxavir","I38T","AMBER14",true,true,"present"
62,"PA_H3N2_2w69-A_Baloxavir","Baloxavir","I38T","AMBER15FB",true,true,"present"
63,"PA_H3N2_2w69-A_Baloxavir","Baloxavir","E23K","YASARA2",true,true,"present"
64,"PA_H3N2_2w69-A_Baloxavir","Baloxavir","E23K","AMBER14",true,true,"present"
65,"PA_H3N2_2w69-A_Baloxavir","Baloxavir","E23K","AMBER15FB",true,true,"present"
66,"PA_H3N2_2w69-A_Baloxavir","Baloxavir","A37T","YASARA2",true,true,"present"
67,"PA_H3N2_2w69-A_Baloxavir","Baloxavir","A37T","AMBER14",true,true,"present"
68,"PA_H3N2_2w69-A_Baloxavir","Baloxavir","A37T","AMBER15FB",true,true,"present"
69,"NA_H5N1_2hu4-A_Oseltamivir","Oseltamivir","H274Y","YASARA2",true,true,"present"
70,"NA_H5N1_2hu4-A_Oseltamivir","Oseltamivir","H274Y","AMBER14",true,true,"present"
71,"NA_H5N1_2hu4-A_Oseltamivir","Oseltamivir","H274Y","AMBER15FB",true,true,"present"
72,"NA_H5N1_2hu4-A_Oseltamivir","Oseltamivir","E119D","YASARA2",true,true,"present"
73,"NA_H5N1_2hu4-A_Oseltamivir","Oseltamivir","E119D","AMBER14",true,true,"present"
74,"NA_H5N1_2hu4-A_Oseltamivir","Oseltamivir","E119D","AMBER15FB",true,true,"present"
75,"NA_H5N1_2hu4-B_Oseltamivir","Oseltamivir","H274Y","YASARA2",true,true,"present"
76,"NA_H5N1_2hu4-B_Oseltamivir","Oseltamivir","H274Y","AMBER14",true,true,"present"
77,"NA_H5N1_2hu4-B_Oseltamivir","Oseltamivir","H274Y","AMBER15FB",true,true,"present"
78,"NA_H5N1_2hu4-B_Oseltamivir","Oseltamivir","E119D","YASARA2",true,true,"present"
79,"NA_H5N1_2hu4-B_Oseltamivir","Oseltamivir","E119D","AMBER14",true,true,"present"
80,"NA_H5N1_2hu4-B_Oseltamivir","Oseltamivir","E119D","AMBER15FB",true,true,"present"
81,"NA_H5N1_2hu4-C_Oseltamivir","Oseltamivir","H274Y","YASARA2",true,true,"present"
82,"NA_H5N1_2hu4-C_Oseltamivir","Oseltamivir","H274Y","AMBER14",true,true,"present"
83,"NA_H5N1_2hu4-C_Oseltamivir","Oseltamivir","H274Y","AMBER15FB",true,true,"present"
84,"NA_H5N1_2hu4-C_Oseltamivir","Oseltamivir","E119D","YASARA2",true,true,"present"
85,"NA_H5N1_2hu4-C_Oseltamivir","Oseltamivir","E119D","AMBER14",true,true,"present"
86,"NA_H5N1_2hu4-C_Oseltamivir","Oseltamivir","E119D","AMBER15FB",true,true,"present"
87,"NA_H5N1_2hu4-D_Oseltamivir","Oseltamivir","H274Y","YASARA2",true,true,"present"
88,"NA_H5N1_2hu4-D_Oseltamivir","Oseltamivir","H274Y","AMBER14",true,true,"present"
89,"NA_H5N1_2hu4-D_Oseltamivir","Oseltamivir","H274Y","AMBER15FB",true,true,"present"
90,"NA_H5N1_2hu4-D_Oseltamivir","Oseltamivir","E119D","YASARA2",true,true,"present"
91,"NA_H5N1_2hu4-D_Oseltamivir","Oseltamivir","E119D","AMBER14",true,true,"present"
92,"NA_H5N1_2hu4-D_Oseltamivir","Oseltamivir","E119D","AMBER15FB",true,true,"present"
93,"NA_H5N1_2hu4-E_Oseltamivir","Oseltamivir","H274Y","YASARA2",true,true,"present"
94,"NA_H5N1_2hu4-E_Oseltamivir","Oseltamivir","H274Y","AMBER14",true,true,"present"
95,"NA_H5N1_2hu4-E_Oseltamivir","Oseltamivir","H274Y","AMBER15FB",true,true,"present"
96,"NA_H5N1_2hu4-E_Oseltamivir","Oseltamivir","E119D","YASARA2",true,true,"present"
97,"NA_H5N1_2hu4-E_Oseltamivir","Oseltamivir","E119D","AMBER14",true,true,"present"
98,"NA_H5N1_2hu4-E_Oseltamivir","Oseltamivir","E119D","AMBER15FB",true,true,"present"
99,"NA_H5N1_2hu4-F_Oseltamivir","Oseltamivir","H274Y","YASARA2",true,true,"present"
100,"NA_H5N1_2hu4-F_Oseltamivir","Oseltamivir","H274Y","AMBER14",true,true,"present"
101,"NA_H5N1_2hu4-F_Oseltamivir","Oseltamivir","H274Y","AMBER15FB",true,true,"present"
102,"NA_H5N1_2hu4-F_Oseltamivir","Oseltamivir","E119D","YASARA2",true,true,"present"
103,"NA_H5N1_2hu4-F_Oseltamivir","Oseltamivir","E119D","AMBER14",false,false,"missing"
104,"NA_H5N1_2hu4-F_Oseltamivir","Oseltamivir","E119D","AMBER15FB",false,false,"missing"
105,"NA_H5N1_2hu4-G_Oseltamivir","Oseltamivir","H274Y","YASARA2",false,false,"missing"
106,"NA_H5N1_2hu4-G_Oseltamivir","Oseltamivir","H274Y","AMBER14",false,false,"missing"
107,"NA_H5N1_2hu4-G_Oseltamivir","Oseltamivir","H274Y","AMBER15FB",false,false,"missing"
108,"NA_H5N1_2hu4-G_Oseltamivir","Oseltamivir","E119D","YASARA2",true,true,"present"
109,"NA_H5N1_2hu4-G_Oseltamivir","Oseltamivir","E119D","AMBER14",true,true,"present"
110,"NA_H5N1_2hu4-G_Oseltamivir","Oseltamivir","E119D","AMBER15FB",true,true,"present"
111,"NA_H5N1_2hu4-H_Oseltamivir","Oseltamivir","H274Y","YASARA2",true,true,"present"
112,"NA_H5N1_2hu4-H_Oseltamivir","Oseltamivir","H274Y","AMBER14",true,true,"present"
113,"NA_H5N1_2hu4-H_Oseltamivir","Oseltamivir","H274Y","AMBER15FB",true,true,"present"
114,"NA_H5N1_2hu4-H_Oseltamivir","Oseltamivir","E119D","YASARA2",true,true,"present"
115,"NA_H5N1_2hu4-H_Oseltamivir","Oseltamivir","E119D","AMBER14",true,true,"present"
116,"NA_H5N1_2hu4-H_Oseltamivir","Oseltamivir","E119D","AMBER15FB",true,true,"present"
117,"NA_pH1N1_3ti6-A_Oseltamivir","Oseltamivir","H274Y","YASARA2",true,true,"present"
118,"NA_pH1N1_3ti6-A_Oseltamivir","Oseltamivir","H274Y","AMBER14",true,true,"present"
119,"NA_pH1N1_3ti6-A_Oseltamivir","Oseltamivir","H274Y","AMBER15FB",true,true,"present"
120,"NA_pH1N1_3ti6-A_Oseltamivir","Oseltamivir","E119D","YASARA2",true,true,"present"
121,"NA_pH1N1_3ti6-A_Oseltamivir","Oseltamivir","E119D","AMBER14",true,true,"present"
122,"NA_pH1N1_3ti6-A_Oseltamivir","Oseltamivir","E119D","AMBER15FB",true,true,"present"
123,"NA_pH1N1_3ti6-A_Oseltamivir","Oseltamivir","R292K","YASARA2",true,true,"present"
124,"NA_pH1N1_3ti6-A_Oseltamivir","Oseltamivir","R292K","AMBER14",true,true,"present"
125,"NA_pH1N1_3ti6-A_Oseltamivir","Oseltamivir","R292K","AMBER15FB",true,true,"present"
126,"NA_pH1N1_3ti6-B_Oseltamivir","Oseltamivir","H274Y","YASARA2",true,true,"present"
127,"NA_pH1N1_3ti6-B_Oseltamivir","Oseltamivir","H274Y","AMBER14",true,true,"present"
128,"NA_pH1N1_3ti6-B_Oseltamivir","Oseltamivir","H274Y","AMBER15FB",false,false,"missing"
129,"NA_pH1N1_3ti6-B_Oseltamivir","Oseltamivir","E119D","YASARA2",false,false,"missing"
130,"NA_pH1N1_3ti6-B_Oseltamivir","Oseltamivir","E119D","AMBER14",false,false,"missing"
131,"NA_pH1N1_3ti6-B_Oseltamivir","Oseltamivir","E119D","AMBER15FB",false,false,"missing"
132,"NA_pH1N1_3ti6-B_Oseltamivir","Oseltamivir","R292K","YASARA2",true,true,"present"
133,"NA_pH1N1_3ti6-B_Oseltamivir","Oseltamivir","R292K","AMBER14",true,true,"present"
134,"NA_pH1N1_3ti6-B_Oseltamivir","Oseltamivir","R292K","AMBER15FB",true,true,"present"
135,"NA_pH1N1_3ti5-A_Zanamivir","Zanamivir","H274Y","YASARA2",true,true,"present"
136,"NA_pH1N1_3ti5-A_Zanamivir","Zanamivir","H274Y","AMBER14",true,true,"present"
137,"NA_pH1N1_3ti5-A_Zanamivir","Zanamivir","H274Y","AMBER15FB",true,true,"present"
138,"NA_pH1N1_3ti5-A_Zanamivir","Zanamivir","H274Y","YASARA2",true,true,"present"
139,"NA_pH1N1_3ti5-A_Zanamivir","Zanamivir","H274Y","AMBER14",true,true,"present"
140,"NA_pH1N1_3ti5-A_Zanamivir","Zanamivir","H274Y","AMBER15FB",true,true,"present"
141,"NA_pH1N1_3ti5-A_Zanamivir","Zanamivir","E119D","YASARA2",true,true,"present"
142,"NA_pH1N1_3ti5-A_Zanamivir","Zanamivir","E119D","AMBER14",true,true,"present"
143,"NA_pH1N1_3ti5-A_Zanamivir","Zanamivir","E119D","AMBER15FB",true,true,"present"
144,"NA_pH1N1_3ti5-A_Zanamivir","Zanamivir","E119D","YASARA2",true,true,"present"
145,"NA_pH1N1_3ti5-A_Zanamivir","Zanamivir","E119D","AMBER14",true,true,"present"
146,"NA_pH1N1_3ti5-A_Zanamivir","Zanamivir","E119D","AMBER15FB",true,true,"present"
147,"NA_pH1N1_3ti5-A_Zanamivir","Zanamivir","R292K","YASARA2",true,true,"present"
148,"NA_pH1N1_3ti5-A_Zanamivir","Zanamivir","R292K","AMBER14",true,true,"present"
149,"NA_pH1N1_3ti5-A_Zanamivir","Zanamivir","R292K","AMBER15FB",true,true,"present"
150,"NA_pH1N1_3ti5-A_Zanamivir","Zanamivir","R292K","YASARA2",true,true,"present"
151,"NA_pH1N1_3ti5-A_Zanamivir","Zanamivir","R292K","AMBER14",true,true,"present"
152,"NA_pH1N1_3ti5-A_Zanamivir","Zanamivir","R292K","AMBER15FB",true,true,"present"
153,"NA-Y274H_H5N1_3cl0-A_Oseltamivir","Oseltamivir","Y274H","YASARA2",true,true,"present"
154,"NA-Y274H_H5N1_3cl0-A_Oseltamivir","Oseltamivir","Y274H","AMBER14",true,true,"present"
155,"NA-Y274H_H5N1_3cl0-A_Oseltamivir","Oseltamivir","Y274H","AMBER15FB",true,true,"present"
156,"NA-Y274H_H5N1_3ckz-A_Zanamivir","Zanamivir","Y274H","YASARA2",true,true,"present"
157,"NA-Y274H_H5N1_3ckz-A_Zanamivir","Zanamivir","Y274H","AMBER14",true,true,"present"
158,"NA-Y274H_H5N1_3ckz-A_Zanamivir","Zanamivir","Y274H","AMBER15FB",true,true,"present"
159,"NA_H3N2_7u4g-A_Zanamivir","Zanamivir","H274Y","YASARA2",true,true,"present"
160,"NA_H3N2_7u4g-A_Zanamivir","Zanamivir","H274Y","AMBER14",true,true,"present"
161,"NA_H3N2_7u4g-A_Zanamivir","Zanamivir","H274Y","AMBER15FB",true,true,"present"
162,"NA_H3N2_7u4g-A_Zanamivir","Zanamivir","R292K","YASARA2",true,true,"present"
163,"NA_H3N2_7u4g-A_Zanamivir","Zanamivir","R292K","AMBER14",true,true,"present"
164,"NA_H3N2_7u4g-A_Zanamivir","Zanamivir","R292K","AMBER15FB",true,true,"present"
165,"NA_H3N2_4gzp-A_Oseltamivir","Oseltamivir","H274Y","YASARA2",true,true,"present"
166,"NA_H3N2_4gzp-A_Oseltamivir","Oseltamivir","H274Y","AMBER14",true,true,"present"
167,"NA_H3N2_4gzp-A_Oseltamivir","Oseltamivir","H274Y","AMBER15FB",true,true,"present"
168,"NA_H3N2_4gzp-A_Oseltamivir","Oseltamivir","R292K","YASARA2",true,true,"present"
169,"NA_H3N2_4gzp-A_Oseltamivir","Oseltamivir","R292K","AMBER14",true,true,"present"
170,"NA_H3N2_4gzp-A_Oseltamivir","Oseltamivir","R292K","AMBER15FB",true,true,"present"
171,"NA_H3N2_4gzp-A_Oseltamivir","Oseltamivir","E119I","YASARA2",true,true,"present"
172,"NA_H3N2_4gzp-A_Oseltamivir","Oseltamivir","E119I","AMBER14",true,true,"present"
173,"NA_H3N2_4gzp-A_Oseltamivir","Oseltamivir","E119I","AMBER15FB",true,true,"present"
