,process_structure,struct_name,pdb_id,mutations,keep_multiple_chains_in_struct,chain_id,target_chain,ligand_id,ligand_name,pdb_ligand (orig),mutations (ref),molecule,strain / subtype,description,Mutation (as in Paper),Mutation (as in our reference),act. mut pos.,Ref. AA,Mutant IC50,Fold diff.,Assay type,Patient / Strain (Wild Type),Patient / Strain (mutant),ACC no. (WT),ACC no. (MT),Lab group,Comments,References
0,0,PA_pH1N1_6fs6_Baloxavir,6fs6_Baloxavir,I38T,0,"A,B,C,D,E,F","A,B,C,D,E,F",E4Z,Baloxavir,Baloxavir,I38T,PA,A/California/04/2009 (pH1N1),A/California/04/2009-PA (pH1N1)_6FS6,,,,,,,,,,,,,,
1,0,PA_pH1N1_6fs6_Baloxavir,6fs6_Baloxavir,E23K,0,"A,B,C,D,E,F","A,B,C,D,E,F",E4Z,Baloxavir,Baloxavir,E23K,PA,A/California/04/2009 (pH1N1),A/California/04/2009-PA (pH1N1)_6FS6,,,,,,,,,,,,,,
2,0,PA_pH1N1_6fs6_Baloxavir,6fs6_Baloxavir,A37T,0,"A,B,C,D,E,F","A,B,C,D,E,F",E4Z,Baloxavir,Baloxavir,A37T,PA,A/California/04/2009 (pH1N1),A/California/04/2009-PA (pH1N1)_6FS6,,,,,,,,,,,,,,
3,0,PA-I38T_pH1N1_8t5w_Baloxavir,8t5w_Baloxavir,T38I,0,A,A,E4Z,Baloxavir,Baloxavir,T38I,PA,A/California/04/2009 (pH1N1),A/California/04/2009-PA/I38T (pH1N1)_8T5W,,,,,,,,,,,,,,
4,0,PA-I38T_pH1N1_8t6z_Baloxavir,8t6z_Baloxavir,T38I,0,A,A,E4Z,Baloxavir,Compound 23,K23E,PA,A/California/04/2009 (pH1N1),A/California/04/2009-PA/E23K (pH1N1)_8T6Z,,,,,,,,,,,,,,
5,0,PA_H3N2_2w69_Baloxavir,2w69_Baloxavir,I38T,0,A,A,E4Z,Baloxavir,,I38T,PA,A/Victoria/3/1975 (H3N2),A/Victoria/3/1975-PA (H3N2)_2W69,,,,,,,,,,,,,,
6,0,PA_H3N2_2w69_Baloxavir,2w69_Baloxavir,E23K,0,A,A,E4Z,Baloxavir,,E23K,PA,A/Victoria/3/1975 (H3N2),A/Victoria/3/1975-PA (H3N2)_2W69,,,,,,,,,,,,,,
7,0,PA_H3N2_2w69_Baloxavir,2w69_Baloxavir,A37T,0,A,A,E4Z,Baloxavir,,A37T,PA,A/Victoria/3/1975 (H3N2),A/Victoria/3/1975-PA (H3N2)_2W69,,,,,,,,,,,,,,
8,0,NA_H5N1_2hu4_Oseltamivir,2hu4_Oseltamivir,H274Y,0,"A,B,C,D","A,B,C,D",G39,Oseltamivir,Oseltamivir,H274Y,NA,A/Vietnam/1203/2004 (H5N1),A/Vietnam/1203/2004-NA (H5N1),,,,,,,,,,,,,,
9,0,NA_H5N1_2hu4_Oseltamivir,2hu4_Oseltamivir,H274Y,0,"E,F,G,H","E,F,G,H",G39,Oseltamivir,Oseltamivir,H274Y,NA,A/Vietnam/1203/2004 (H5N1),A/Vietnam/1203/2004-NA (H5N1),,,,,,,,,,,,,,
10,0,NA_H5N1_2hu4_Oseltamivir,2hu4_Oseltamivir,E119D,0,"A,B,C,D","A,B,C,D",G39,Oseltamivir,Oseltamivir,E119D,NA,A/Vietnam/1203/2004 (H5N1),A/Vietnam/1203/2004-NA (H5N1),,,,,,,,,,,,,,
11,0,NA_H5N1_2hu4_Oseltamivir,2hu4_Oseltamivir,E119D,0,"E,F,G,H","E,F,G,H",G39,Oseltamivir,Oseltamivir,E119D,NA,A/Vietnam/1203/2004 (H5N1),A/Vietnam/1203/2004-NA (H5N1),,,,,,,,,,,,,,
12,1,NA_pH1N1_3ti6_Oseltamivir,3ti6_Oseltamivir,H274Y,0,"A,B","A,B",G39,Oseltamivir,Oseltamivir,H274Y,NA,A/California/04/2009 (pH1N1),A/California/04/2009-NA (pH1N1),,,,,,,,,,,,,,
13,0,NA_pH1N1_3ti6_Oseltamivir,3ti6_Oseltamivir,E119D,0,"A,B","A,B",G39,Oseltamivir,Oseltamivir,E119D,NA,A/California/04/2009 (pH1N1),A/California/04/2009-NA (pH1N1),,,,,,,,,,,,,,
14,1,NA_pH1N1_3ti6_Oseltamivir,3ti6_Oseltamivir,R292K,0,"A,B","A,B",G39,Oseltamivir,Oseltamivir,R292K,NA,A/California/04/2009 (pH1N1),A/California/04/2009-NA (pH1N1),,,,,,,,,,,,,,
15,1,NA_pH1N1_3ti5_Zanamivir,3ti5_Zanamivir,H274Y,0,"A,B","A,B",ZMR,Zanamivir,Zanamivir,H274Y,NA,A/California/04/2009 (pH1N1),A/California/04/2009-NA (pH1N1),,,,,,,,,,,,,,
16,0,NA_pH1N1_3ti5_Zanamivir,3ti5_Zanamivir,E119D,0,"A,B","A,B",ZMR,Zanamivir,Zanamivir,E119D,NA,A/California/04/2009 (pH1N1),A/California/04/2009-NA (pH1N1),,,,,,,,,,,,,,
17,1,NA_pH1N1_3ti5_Zanamivir,3ti5_Zanamivir,R292K,0,"A,B","A,B",ZMR,Zanamivir,Zanamivir,R292K,NA,A/California/04/2009 (pH1N1),A/California/04/2009-NA (pH1N1),,,,,,,,,,,,,,
18,0,NA-Y274H_H5N1_3cl0_Oseltamivir,3cl0_Oseltamivir,Y274H,0,A,A,G39,Oseltamivir,Oseltamivir,Y274H,NA,A/Vietnam/1203/2004 (H5N1),A/Vietnam/1203/2004-NA/H274Y (H5N1),,,,,,,,,,,,,,
19,0,NA-Y274H_H5N1_3ckz_Zanamivir,3ckz_Zanamivir,Y274H,0,A,A,ZMR,Zanamivir,Zanamivir,Y274H,NA,A/Vietnam/1203/2004 (H5N1),A/Vietnam/1203/2004-NA/H274Y (H5N1),,,,,,,,,,,,,,
20,0,NA_H3N2_7u4g_Zanamivir,7u4g_Zanamivir,H274Y,0,A,A,ZMR,Zanamivir,Zanamivir,H274Y,NA,A/Shandong/9/1993 (H3N2),A/Shandong/9/1993-NA (H3N2),,,,,,,,,,,,,,
21,0,NA_H3N2_7u4g_Zanamivir,7u4g_Zanamivir,R292K,0,A,A,ZMR,Zanamivir,Zanamivir,R292K,NA,A/Shandong/9/1993 (H3N2),A/Shandong/9/1993-NA (H3N2),,,,,,,,,,,,,,
22,0,NA_H3N2_4gzp_Oseltamivir,4gzp_Oseltamivir,H274Y,0,A,A,G39,Oseltamivir,Oseltamivir carboxylate,H274Y,NA,A/Tanzania/205/2010 (H3N2),A/Tanzania/205/2010-PA (H3N2),,,,,,,,,,,,,,
23,0,NA_H3N2_4gzp_Oseltamivir,4gzp_Oseltamivir,R292K,0,A,A,G39,Oseltamivir,Oseltamivir carboxylate,R292K,NA,A/Tanzania/205/2010 (H3N2),A/Tanzania/205/2010-PA (H3N2),,,,,,,,,,,,,,
24,0,NA_H3N2_4gzp_Oseltamivir,4gzp_Oseltamivir,E119I,0,A,A,G39,Oseltamivir,Oseltamivir carboxylate,E119I,NA,A/Tanzania/205/2010 (H3N2),A/Tanzania/205/2010-PA (H3N2),,,,,,,,,,,,,,