process_structure,struct_name,pdb_id,mutations,keep_multiple_chains_in_struct,chain_id,target_chain,ligand_id,ligand_name,fold_diff,fold_diff_range,fold_diff_source,pdb_ligand (orig),mutations (ref),molecule,strain / subtype,description,docked_with,fold_diff reference,WT sequence
1,PA_pH1N1_6fs6_Baloxavir,6fs6_Baloxavir,I38T,0,"A,B,C,D,E,F","A,B,C,D,E,F",E4Z,Baloxavir,27,11−124,"Kd, WHO EC50",Baloxavir,I38T,PA,A/California/04/2009 (pH1N1),A/California/04/2009-PA (pH1N1)_6FS6,,Kohlbrand (2024) Biochemistry 63: 264-272,MEDFVRQCFNPMIVELAEKAMKEYGEDPKIETNKFAAICTHLEVCFMYSDFHFIDERGESIIVESGDPNALLKHRFEIIEGRDRIMAWTVVNSICNTTGVEKPKFLPDLYDYKENRFIEIGVTRREVHIYYLEKANKIKSEKTHIHIFSFTGEEMATKADYTLDEESRARIKTRLFTIRQEMASRSLWDSFRQSERGEETIEEKFEITGTMRKLADQSLPPNFPSLENFRAYVDGFEPNGCIEGKLSQMSKEVNAKIEPFLRTTPRPLRLPDGPLCHQRSKFLLMDALKLSIEDPSHEGEGIPLYDAIKCMKTFFGWKEPNIVKPHEKGINPNYLMAWKQVLAELQDIENEEKIPRTKNMKRTSQLKWALGENMAPEKVDFDDCKDVGDLKQYDSDEPEPRSLASWVQNEFNKACELTDSSWIELDEIGEDVAPIEHIASMRRNYFTAEVSHCRATEYIMKGVYINTALLNASCAAMDDFQLIPMISKCRTKEGRRKTNLYGFIIKGRSHLRNDTDVVNFVSMEFSLTDPRLEPHKWEKYCVLEIGDMLLRTAIGQVSRPMFLYVRTNGTSKIKMKWGMEMRRCLLQSLQQIESMIEAESSVKEKDMTKEFFENKSETWPIGESPRGVEEGSIGKVCRTLLAKSVFNSLYASPQLEGFSAESRKLLLIVQALRDNLEPGTFDLGGLYEAIEECLINDPWVLLNASWFNSFLTHALK
1,PA_pH1N1_6fs6_Baloxavir,6fs6_Baloxavir,E23K,0,"A,B,C,D,E,F","A,B,C,D,E,F",E4Z,Baloxavir,8,7-9,WHO EC50,Baloxavir,E23K,PA,A/California/04/2009 (pH1N1),A/California/04/2009-PA (pH1N1)_6FS6,,WHO,MEDFVRQCFNPMIVELAEKAMKEYGEDPKIETNKFAAICTHLEVCFMYSDFHFIDERGESIIVESGDPNALLKHRFEIIEGRDRIMAWTVVNSICNTTGVEKPKFLPDLYDYKENRFIEIGVTRREVHIYYLEKANKIKSEKTHIHIFSFTGEEMATKADYTLDEESRARIKTRLFTIRQEMASRSLWDSFRQSERGEETIEEKFEITGTMRKLADQSLPPNFPSLENFRAYVDGFEPNGCIEGKLSQMSKEVNAKIEPFLRTTPRPLRLPDGPLCHQRSKFLLMDALKLSIEDPSHEGEGIPLYDAIKCMKTFFGWKEPNIVKPHEKGINPNYLMAWKQVLAELQDIENEEKIPRTKNMKRTSQLKWALGENMAPEKVDFDDCKDVGDLKQYDSDEPEPRSLASWVQNEFNKACELTDSSWIELDEIGEDVAPIEHIASMRRNYFTAEVSHCRATEYIMKGVYINTALLNASCAAMDDFQLIPMISKCRTKEGRRKTNLYGFIIKGRSHLRNDTDVVNFVSMEFSLTDPRLEPHKWEKYCVLEIGDMLLRTAIGQVSRPMFLYVRTNGTSKIKMKWGMEMRRCLLQSLQQIESMIEAESSVKEKDMTKEFFENKSETWPIGESPRGVEEGSIGKVCRTLLAKSVFNSLYASPQLEGFSAESRKLLLIVQALRDNLEPGTFDLGGLYEAIEECLINDPWVLLNASWFNSFLTHALK
1,PA_pH1N1_6fs6_Baloxavir,6fs6_Baloxavir,A37T,0,"A,B,C,D,E,F","A,B,C,D,E,F",E4Z,Baloxavir,8,7-9,WHO EC50,Baloxavir,A37T,PA,A/California/04/2009 (pH1N1),A/California/04/2009-PA (pH1N1)_6FS6,,WHO,MEDFVRQCFNPMIVELAEKAMKEYGEDPKIETNKFAAICTHLEVCFMYSDFHFIDERGESIIVESGDPNALLKHRFEIIEGRDRIMAWTVVNSICNTTGVEKPKFLPDLYDYKENRFIEIGVTRREVHIYYLEKANKIKSEKTHIHIFSFTGEEMATKADYTLDEESRARIKTRLFTIRQEMASRSLWDSFRQSERGEETIEEKFEITGTMRKLADQSLPPNFPSLENFRAYVDGFEPNGCIEGKLSQMSKEVNAKIEPFLRTTPRPLRLPDGPLCHQRSKFLLMDALKLSIEDPSHEGEGIPLYDAIKCMKTFFGWKEPNIVKPHEKGINPNYLMAWKQVLAELQDIENEEKIPRTKNMKRTSQLKWALGENMAPEKVDFDDCKDVGDLKQYDSDEPEPRSLASWVQNEFNKACELTDSSWIELDEIGEDVAPIEHIASMRRNYFTAEVSHCRATEYIMKGVYINTALLNASCAAMDDFQLIPMISKCRTKEGRRKTNLYGFIIKGRSHLRNDTDVVNFVSMEFSLTDPRLEPHKWEKYCVLEIGDMLLRTAIGQVSRPMFLYVRTNGTSKIKMKWGMEMRRCLLQSLQQIESMIEAESSVKEKDMTKEFFENKSETWPIGESPRGVEEGSIGKVCRTLLAKSVFNSLYASPQLEGFSAESRKLLLIVQALRDNLEPGTFDLGGLYEAIEECLINDPWVLLNASWFNSFLTHALK
1,PA-I38T_pH1N1_8t5w_Baloxavir,8t5w_Baloxavir,T38I,0,A,A,E4Z,Baloxavir,0.037,,inverse,Baloxavir,T38I,PA,A/California/04/2009 (pH1N1),A/California/04/2009-PA/I38T (pH1N1)_8T5W,,Kohlbrand (2024) Biochemistry 63: 264-272,MEDFVRQCFNPMIVELAEKAMKEYGEDPKIETNKFAAICTHLEVCFMYSDFHFIDERGESIIVESGDPNALLKHRFEIIEGRDRIMAWTVVNSICNTTGVEKPKFLPDLYDYKENRFIEIGVTRREVHIYYLEKANKIKSEKTHIHIFSFTGEEMATKADYTLDEESRARIKTRLFTIRQEMASRSLWDSFRQSERGEETIEEKFEITGTMRKLADQSLPPNFPSLENFRAYVDGFEPNGCIEGKLSQMSKEVNAKIEPFLRTTPRPLRLPDGPLCHQRSKFLLMDALKLSIEDPSHEGEGIPLYDAIKCMKTFFGWKEPNIVKPHEKGINPNYLMAWKQVLAELQDIENEEKIPRTKNMKRTSQLKWALGENMAPEKVDFDDCKDVGDLKQYDSDEPEPRSLASWVQNEFNKACELTDSSWIELDEIGEDVAPIEHIASMRRNYFTAEVSHCRATEYIMKGVYINTALLNASCAAMDDFQLIPMISKCRTKEGRRKTNLYGFIIKGRSHLRNDTDVVNFVSMEFSLTDPRLEPHKWEKYCVLEIGDMLLRTAIGQVSRPMFLYVRTNGTSKIKMKWGMEMRRCLLQSLQQIESMIEAESSVKEKDMTKEFFENKSETWPIGESPRGVEEGSIGKVCRTLLAKSVFNSLYASPQLEGFSAESRKLLLIVQALRDNLEPGTFDLGGLYEAIEECLINDPWVLLNASWFNSFLTHALK
1,PA-I38T_pH1N1_8t6z_Baloxavir,8t6z_Baloxavir,T38I,0,A,A,E4Z,Baloxavir,0.125,,inverse,Compound 23,K23E,PA,A/California/04/2009 (pH1N1),A/California/04/2009-PA/E23K (pH1N1)_8T6Z,,Kohlbrand (2024) Biochemistry 63: 264-272,MEDFVRQCFNPMIVELAEKAMKEYGEDPKIETNKFAAICTHLEVCFMYSDFHFIDERGESIIVESGDPNALLKHRFEIIEGRDRIMAWTVVNSICNTTGVEKPKFLPDLYDYKENRFIEIGVTRREVHIYYLEKANKIKSEKTHIHIFSFTGEEMATKADYTLDEESRARIKTRLFTIRQEMASRSLWDSFRQSERGEETIEEKFEITGTMRKLADQSLPPNFPSLENFRAYVDGFEPNGCIEGKLSQMSKEVNAKIEPFLRTTPRPLRLPDGPLCHQRSKFLLMDALKLSIEDPSHEGEGIPLYDAIKCMKTFFGWKEPNIVKPHEKGINPNYLMAWKQVLAELQDIENEEKIPRTKNMKRTSQLKWALGENMAPEKVDFDDCKDVGDLKQYDSDEPEPRSLASWVQNEFNKACELTDSSWIELDEIGEDVAPIEHIASMRRNYFTAEVSHCRATEYIMKGVYINTALLNASCAAMDDFQLIPMISKCRTKEGRRKTNLYGFIIKGRSHLRNDTDVVNFVSMEFSLTDPRLEPHKWEKYCVLEIGDMLLRTAIGQVSRPMFLYVRTNGTSKIKMKWGMEMRRCLLQSLQQIESMIEAESSVKEKDMTKEFFENKSETWPIGESPRGVEEGSIGKVCRTLLAKSVFNSLYASPQLEGFSAESRKLLLIVQALRDNLEPGTFDLGGLYEAIEECLINDPWVLLNASWFNSFLTHALK
1,PA_H3N2_2w69_Baloxavir,2w69_Baloxavir,I38T,0,A,A,E4Z,Baloxavir,57,,EC50,,I38T,PA,A/Victoria/3/1975 (H3N2),A/Victoria/3/1975-PA (H3N2)_2W69,overlay,Omoto (2018) Sci Rep 8: 9633-9633,MEDFVRQCFNPMIVELAEKAMKEYGEDLKIETNKFAAICTHLEVCFMYSDFHFIDEQGESIVVELGDPNALLKHRFEIIEGRDRTIAWTVINSICNTTGAEKPKFLPDLYDYKKNRFIEIGVTRREVHIYYLEKANKIKSEKTHIHIFSFTGEEMATKADYTLDEESRARIKTRLFTIRQEMASRGLWDSFRQSERGEETIEERFEITGTMRKLADQSLPPNFSSLENFRAYVDGFEPNGYIEGKLSQMSKEVNARIEPFLKSTPRPLRLPDGPPCSQRSKFLLMDALKLSIEDPSHEGEGIPLYDAIKCMRTFFGWKEPNVVKPHEKGINPNYLLSWKQVLAELQDIENEEKIPRTKNMKKTSQLKWALGENMAPEKVDFDDCKDVGDLKQYDSDEPELRSLASWIQNEFNKACELTDSSWIELDEIGEDAAPIEHIASMRRNYFTAEVSHCRATEYIMKGVYINTALLNASCAAMDDFQLIPMISKCRTKEGRRKTNLYGFIIKGRSHLRNDTDVVNFVSMEFSLTDPRLEPHKWEKYCVLEVGDMLLRSAIGHVSRPMFLYVRTNGTSKIKMKWGMEMRRCLLQSLQQIESMIEAESSVKEKDMTKEFFENKSETWPVGESPKGVEEGSIGKVCRTLLAKSVFNSLYASPQLEGFSAESRKLLLIVQALRDNLEPGTFDLGGLYEAIEECLINDPWVLLNASWFNSFLTHALR
1,PA_H3N2_2w69_Baloxavir,2w69_Baloxavir,E23K,0,A,A,E4Z,Baloxavir,5.5,,EC50,,E23K,PA,A/Victoria/3/1975 (H3N2),A/Victoria/3/1975-PA (H3N2)_2W69,overlay,Omoto (2018) Sci Rep 8: 9633-9633,MEDFVRQCFNPMIVELAEKAMKEYGEDLKIETNKFAAICTHLEVCFMYSDFHFIDEQGESIVVELGDPNALLKHRFEIIEGRDRTIAWTVINSICNTTGAEKPKFLPDLYDYKKNRFIEIGVTRREVHIYYLEKANKIKSEKTHIHIFSFTGEEMATKADYTLDEESRARIKTRLFTIRQEMASRGLWDSFRQSERGEETIEERFEITGTMRKLADQSLPPNFSSLENFRAYVDGFEPNGYIEGKLSQMSKEVNARIEPFLKSTPRPLRLPDGPPCSQRSKFLLMDALKLSIEDPSHEGEGIPLYDAIKCMRTFFGWKEPNVVKPHEKGINPNYLLSWKQVLAELQDIENEEKIPRTKNMKKTSQLKWALGENMAPEKVDFDDCKDVGDLKQYDSDEPELRSLASWIQNEFNKACELTDSSWIELDEIGEDAAPIEHIASMRRNYFTAEVSHCRATEYIMKGVYINTALLNASCAAMDDFQLIPMISKCRTKEGRRKTNLYGFIIKGRSHLRNDTDVVNFVSMEFSLTDPRLEPHKWEKYCVLEVGDMLLRSAIGHVSRPMFLYVRTNGTSKIKMKWGMEMRRCLLQSLQQIESMIEAESSVKEKDMTKEFFENKSETWPVGESPKGVEEGSIGKVCRTLLAKSVFNSLYASPQLEGFSAESRKLLLIVQALRDNLEPGTFDLGGLYEAIEECLINDPWVLLNASWFNSFLTHALR
1,PA_H3N2_2w69_Baloxavir,2w69_Baloxavir,A37T,0,A,A,E4Z,Baloxavir,6.09,,EC50,,A37T,PA,A/Victoria/3/1975 (H3N2),A/Victoria/3/1975-PA (H3N2)_2W69,overlay,Omoto (2018) Sci Rep 8: 9633-9633,MEDFVRQCFNPMIVELAEKAMKEYGEDLKIETNKFAAICTHLEVCFMYSDFHFIDEQGESIVVELGDPNALLKHRFEIIEGRDRTIAWTVINSICNTTGAEKPKFLPDLYDYKKNRFIEIGVTRREVHIYYLEKANKIKSEKTHIHIFSFTGEEMATKADYTLDEESRARIKTRLFTIRQEMASRGLWDSFRQSERGEETIEERFEITGTMRKLADQSLPPNFSSLENFRAYVDGFEPNGYIEGKLSQMSKEVNARIEPFLKSTPRPLRLPDGPPCSQRSKFLLMDALKLSIEDPSHEGEGIPLYDAIKCMRTFFGWKEPNVVKPHEKGINPNYLLSWKQVLAELQDIENEEKIPRTKNMKKTSQLKWALGENMAPEKVDFDDCKDVGDLKQYDSDEPELRSLASWIQNEFNKACELTDSSWIELDEIGEDAAPIEHIASMRRNYFTAEVSHCRATEYIMKGVYINTALLNASCAAMDDFQLIPMISKCRTKEGRRKTNLYGFIIKGRSHLRNDTDVVNFVSMEFSLTDPRLEPHKWEKYCVLEVGDMLLRSAIGHVSRPMFLYVRTNGTSKIKMKWGMEMRRCLLQSLQQIESMIEAESSVKEKDMTKEFFENKSETWPVGESPKGVEEGSIGKVCRTLLAKSVFNSLYASPQLEGFSAESRKLLLIVQALRDNLEPGTFDLGGLYEAIEECLINDPWVLLNASWFNSFLTHALR
1,NA_H5N1_2hu4_Oseltamivir,2hu4_Oseltamivir,H274Y,0,"A,B,C,D,E,F,G,H","A,B,C,D,E,F,G,H",G39,Oseltamivir,1200,44-2502,IC50,Oseltamivir,H274Y,NA,A/Vietnam/1203/2004 (H5N1),A/Vietnam/1203/2004-NA (H5N1),,https://pmc.ncbi.nlm.nih.gov/articles/PMC2169015/,
1,NA_H5N1_2hu4_Oseltamivir,2hu4_Oseltamivir,E119D,0,"A,B,C,D,E,F,G,H","A,B,C,D,E,F,G,H",G39,Oseltamivir,87,,IC50,Oseltamivir,E119D,NA,A/Vietnam/1203/2004 (H5N1),A/Vietnam/1203/2004-NA (H5N1),,WHO,
1,NA-Y274H_H5N1_3ckz_Zanamivir,3ckz_Zanamivir,Y274H,0,A,A,ZMR,Zanamivir,0.5,1/(1−3),IC50,Zanamivir,Y274H,NA,A/Vietnam/1203/2004 (H5N1),A/Vietnam/1203/2004-NA/H274Y (H5N1),,WHO; https://pubmed.ncbi.nlm.nih.gov/19651908/,
1,NA_pH1N1_3ti6_Oseltamivir,3ti6_Oseltamivir,H274Y,0,"A,B","A,B",G39,Oseltamivir,1100,221-1637,IC50,Oseltamivir,H274Y,NA,A/California/04/2009 (pH1N1),A/California/04/2009-NA (pH1N1),,https://journals.asm.org/doi/10.1128/jvi.02485-14,MNPNQKIITIGSVCMTIGMANLILQIGNIISIWISHSIQLGNQNQIETCNQSVITYENNTWVNQTYVNISNTNFAAGQSVVSVKLAGNSSLCPVSGWAIYSKDNSVRIGSKGDVFVIREPFISCSPLECRTFFLTQGALLNDKHSNGTIKDRSPYRTLMSCPIGEVPSPYNSRFESVAWSASACHDGINWLTIGISGPDNGAVAVLKYNGIITDTIKSWRNNILRTQESECACVNGSCFTVMTDGPSNGQASYKIFRIEKGKIVKSVEMNAPNYHYEECSCYPDSSEITCVCRDNWHGSNRPWVSFNQNLEYQIGYICSGIFGDNPRPNDKTGSCGPVSSNGANGVKGFSFKYGNGVWIGRTKSISSRNGFEMIWDPNGWTGTDNNFSIKQDIVGINEWSGYSGSFVQHPELTGLDCIRPCFWVELIRGRPKENTIWTSGSSISFCGVNSDTVGWSWPDGAELPFTIDK
1,NA_pH1N1_3ti6_Oseltamivir,3ti6_Oseltamivir,E119D,0,"A,B","A,B",G39,Oseltamivir,16,25-94,IC50,Oseltamivir,E119D,NA,A/California/04/2009 (pH1N1),A/California/04/2009-NA (pH1N1),,https://journals.asm.org/doi/10.1128/jvi.02485-14,MNPNQKIITIGSVCMTIGMANLILQIGNIISIWISHSIQLGNQNQIETCNQSVITYENNTWVNQTYVNISNTNFAAGQSVVSVKLAGNSSLCPVSGWAIYSKDNSVRIGSKGDVFVIREPFISCSPLECRTFFLTQGALLNDKHSNGTIKDRSPYRTLMSCPIGEVPSPYNSRFESVAWSASACHDGINWLTIGISGPDNGAVAVLKYNGIITDTIKSWRNNILRTQESECACVNGSCFTVMTDGPSNGQASYKIFRIEKGKIVKSVEMNAPNYHYEECSCYPDSSEITCVCRDNWHGSNRPWVSFNQNLEYQIGYICSGIFGDNPRPNDKTGSCGPVSSNGANGVKGFSFKYGNGVWIGRTKSISSRNGFEMIWDPNGWTGTDNNFSIKQDIVGINEWSGYSGSFVQHPELTGLDCIRPCFWVELIRGRPKENTIWTSGSSISFCGVNSDTVGWSWPDGAELPFTIDK
1,NA_pH1N1_3ti6_Oseltamivir,3ti6_Oseltamivir,R292K,0,"A,B","A,B",G39,Oseltamivir,33,33,IC50,Oseltamivir,R292K,NA,A/California/04/2009 (pH1N1),A/California/04/2009-NA (pH1N1),,WHO,MNPNQKIITIGSVCMTIGMANLILQIGNIISIWISHSIQLGNQNQIETCNQSVITYENNTWVNQTYVNISNTNFAAGQSVVSVKLAGNSSLCPVSGWAIYSKDNSVRIGSKGDVFVIREPFISCSPLECRTFFLTQGALLNDKHSNGTIKDRSPYRTLMSCPIGEVPSPYNSRFESVAWSASACHDGINWLTIGISGPDNGAVAVLKYNGIITDTIKSWRNNILRTQESECACVNGSCFTVMTDGPSNGQASYKIFRIEKGKIVKSVEMNAPNYHYEECSCYPDSSEITCVCRDNWHGSNRPWVSFNQNLEYQIGYICSGIFGDNPRPNDKTGSCGPVSSNGANGVKGFSFKYGNGVWIGRTKSISSRNGFEMIWDPNGWTGTDNNFSIKQDIVGINEWSGYSGSFVQHPELTGLDCIRPCFWVELIRGRPKENTIWTSGSSISFCGVNSDTVGWSWPDGAELPFTIDK
1,NA_pH1N1_3ti5_Zanamivir,3ti5_Zanamivir,H274Y,0,"A,B","A,B",ZMR,Zanamivir,7.5,1-6,IC50,Zanamivir,H274Y,NA,A/California/04/2009 (pH1N1),A/California/04/2009-NA (pH1N1),,WHO,MNPNQKIITIGSVCMTIGMANLILQIGNIISIWISHSIQLGNQNQIETCNQSVITYENNTWVNQTYVNISNTNFAAGQSVVSVKLAGNSSLCPVSGWAIYSKDNSVRIGSKGDVFVIREPFISCSPLECRTFFLTQGALLNDKHSNGTIKDRSPYRTLMSCPIGEVPSPYNSRFESVAWSASACHDGINWLTIGISGPDNGAVAVLKYNGIITDTIKSWRNNILRTQESECACVNGSCFTVMTDGPSNGQASYKIFRIEKGKIVKSVEMNAPNYHYEECSCYPDSSEITCVCRDNWHGSNRPWVSFNQNLEYQIGYICSGIFGDNPRPNDKTGSCGPVSSNGANGVKGFSFKYGNGVWIGRTKSISSRNGFEMIWDPNGWTGTDNNFSIKQDIVGINEWSGYSGSFVQHPELTGLDCIRPCFWVELIRGRPKENTIWTSGSSISFCGVNSDTVGWSWPDGAELPFTIDK
1,NA_pH1N1_3ti5_Zanamivir,3ti5_Zanamivir,E119D,0,"A,B","A,B",ZMR,Zanamivir,583.4,583.4,IC50,Zanamivir,E119D,NA,A/California/04/2009 (pH1N1),A/California/04/2009-NA (pH1N1),,WHO,MNPNQKIITIGSVCMTIGMANLILQIGNIISIWISHSIQLGNQNQIETCNQSVITYENNTWVNQTYVNISNTNFAAGQSVVSVKLAGNSSLCPVSGWAIYSKDNSVRIGSKGDVFVIREPFISCSPLECRTFFLTQGALLNDKHSNGTIKDRSPYRTLMSCPIGEVPSPYNSRFESVAWSASACHDGINWLTIGISGPDNGAVAVLKYNGIITDTIKSWRNNILRTQESECACVNGSCFTVMTDGPSNGQASYKIFRIEKGKIVKSVEMNAPNYHYEECSCYPDSSEITCVCRDNWHGSNRPWVSFNQNLEYQIGYICSGIFGDNPRPNDKTGSCGPVSSNGANGVKGFSFKYGNGVWIGRTKSISSRNGFEMIWDPNGWTGTDNNFSIKQDIVGINEWSGYSGSFVQHPELTGLDCIRPCFWVELIRGRPKENTIWTSGSSISFCGVNSDTVGWSWPDGAELPFTIDK
1,NA_pH1N1_3ti5_Zanamivir,3ti5_Zanamivir,R292K,0,"A,B","A,B",ZMR,Zanamivir,3.5,3.5,IC50,Zanamivir,R292K,NA,A/California/04/2009 (pH1N1),A/California/04/2009-NA (pH1N1),,WHO,MNPNQKIITIGSVCMTIGMANLILQIGNIISIWISHSIQLGNQNQIETCNQSVITYENNTWVNQTYVNISNTNFAAGQSVVSVKLAGNSSLCPVSGWAIYSKDNSVRIGSKGDVFVIREPFISCSPLECRTFFLTQGALLNDKHSNGTIKDRSPYRTLMSCPIGEVPSPYNSRFESVAWSASACHDGINWLTIGISGPDNGAVAVLKYNGIITDTIKSWRNNILRTQESECACVNGSCFTVMTDGPSNGQASYKIFRIEKGKIVKSVEMNAPNYHYEECSCYPDSSEITCVCRDNWHGSNRPWVSFNQNLEYQIGYICSGIFGDNPRPNDKTGSCGPVSSNGANGVKGFSFKYGNGVWIGRTKSISSRNGFEMIWDPNGWTGTDNNFSIKQDIVGINEWSGYSGSFVQHPELTGLDCIRPCFWVELIRGRPKENTIWTSGSSISFCGVNSDTVGWSWPDGAELPFTIDK
1,NA_H3N2_7u4g_Zanamivir,7u4g_Zanamivir,H274Y,0,A,A,ZMR,Zanamivir,1,1,IC50,Zanamivir,H274Y,NA,A/Shandong/9/1993 (H3N2),A/Shandong/9/1993-NA (H3N2),,WHO,
1,NA_H3N2_7u4g_Zanamivir,7u4g_Zanamivir,R292K,0,A,A,ZMR,Zanamivir,32,3-134,IC50,Zanamivir,R292K,NA,A/Shandong/9/1993 (H3N2),A/Shandong/9/1993-NA (H3N2),,https://pmc.ncbi.nlm.nih.gov/articles/PMC1251536/,
1,NA_H3N2_4gzp_Oseltamivir,4gzp_Oseltamivir,H274Y,0,A,A,G39,Oseltamivir,1,1,IC50,Oseltamivir carboxylate,H274Y,NA,A/Tanzania/205/2010 (H3N2),A/Tanzania/205/2010-PA (H3N2),,WHO,
1,NA_H3N2_4gzp_Oseltamivir,4gzp_Oseltamivir,R292K,0,A,A,G39,Oseltamivir,10000,10000 / 27-146,IC50,Oseltamivir carboxylate,R292K,NA,A/Tanzania/205/2010 (H3N2),A/Tanzania/205/2010-PA (H3N2),,https://pmc.ncbi.nlm.nih.gov/articles/PMC1251536/,
1,NA_H3N2_4gzp_Oseltamivir,4gzp_Oseltamivir,E119I,0,A,A,G39,Oseltamivir,208,208,IC50,Oseltamivir carboxylate,E119I,NA,A/Tanzania/205/2010 (H3N2),A/Tanzania/205/2010-PA (H3N2),,WHO,