struct,target_chain,ligname,mutations,ff,mvdist,ebindDDG__PA-NA_benchmark_yasara2026_linux,ebindDDG__PA-NA_benchmark_yasara2025_linux
NA-Y274H_H5N1_3ckz-A_Zanamivir,A,Zanamivir,Y274H,AMBER14,4,1.5105,4.8695
NA-Y274H_H5N1_3ckz-A_Zanamivir,A,Zanamivir,Y274H,AMBER15FB,4,-2.4074,-1.6071
NA-Y274H_H5N1_3ckz-A_Zanamivir,A,Zanamivir,Y274H,YASARA2,4,4.0028,3.5833
NA-Y274H_H5N1_3cl0-A_Oseltamivir,A,Oseltamivir,Y274H,AMBER14,4,1.5815,0.3616
NA-Y274H_H5N1_3cl0-A_Oseltamivir,A,Oseltamivir,Y274H,AMBER15FB,4,1.8755,1.6194
NA-Y274H_H5N1_3cl0-A_Oseltamivir,A,Oseltamivir,Y274H,YASARA2,4,0.2569,0.1929
NA_H3N2_4gzp-A_Oseltamivir,A,Oseltamivir,E119I,AMBER14,4,7.2935,6.8109
NA_H3N2_4gzp-A_Oseltamivir,A,Oseltamivir,E119I,AMBER15FB,4,21.3798,16.0186
NA_H3N2_4gzp-A_Oseltamivir,A,Oseltamivir,E119I,YASARA2,4,25.7893,23.8882
NA_H3N2_4gzp-A_Oseltamivir,A,Oseltamivir,H274Y,AMBER14,4,-0.587,-6.1008
NA_H3N2_4gzp-A_Oseltamivir,A,Oseltamivir,H274Y,AMBER15FB,4,-5.5328,-0.888
NA_H3N2_4gzp-A_Oseltamivir,A,Oseltamivir,H274Y,YASARA2,4,0.3813,3.0679
NA_H3N2_4gzp-A_Oseltamivir,A,Oseltamivir,R292K,AMBER14,4,6.5733,6.7221
NA_H3N2_4gzp-A_Oseltamivir,A,Oseltamivir,R292K,AMBER15FB,4,3.863,8.6293
NA_H3N2_4gzp-A_Oseltamivir,A,Oseltamivir,R292K,YASARA2,4,8.0621,4.2649
NA_H3N2_7u4g-A_Zanamivir,A,Zanamivir,H274Y,AMBER14,4,-0.9769,-2.3703
NA_H3N2_7u4g-A_Zanamivir,A,Zanamivir,H274Y,AMBER15FB,4,0.1695,2.927
NA_H3N2_7u4g-A_Zanamivir,A,Zanamivir,H274Y,YASARA2,4,-7.7718,-9.5782
NA_H3N2_7u4g-A_Zanamivir,A,Zanamivir,R292K,AMBER14,4,2.6131,10.9945
NA_H3N2_7u4g-A_Zanamivir,A,Zanamivir,R292K,AMBER15FB,4,2.4192,2.877
NA_H3N2_7u4g-A_Zanamivir,A,Zanamivir,R292K,YASARA2,4,-8.7994,-10.1083
NA_H5N1_2hu4-A_Oseltamivir,A,Oseltamivir,E119D,AMBER14,4,6.0717,4.8306
NA_H5N1_2hu4-A_Oseltamivir,A,Oseltamivir,E119D,AMBER15FB,4,1.5293,4.2379
NA_H5N1_2hu4-A_Oseltamivir,A,Oseltamivir,E119D,YASARA2,4,10.7347,9.5413
NA_H5N1_2hu4-A_Oseltamivir,A,Oseltamivir,H274Y,AMBER14,4,2.5516,3.6254
NA_H5N1_2hu4-A_Oseltamivir,A,Oseltamivir,H274Y,AMBER15FB,4,-5.434,-2.3082
NA_H5N1_2hu4-A_Oseltamivir,A,Oseltamivir,H274Y,YASARA2,4,-7.7164,1.2964
NA_H5N1_2hu4-B_Oseltamivir,B,Oseltamivir,E119D,AMBER14,4,-9.338,-7.2542
NA_H5N1_2hu4-B_Oseltamivir,B,Oseltamivir,E119D,AMBER15FB,4,-2.2255,4.4407
NA_H5N1_2hu4-B_Oseltamivir,B,Oseltamivir,E119D,YASARA2,4,22.8524,25.0273
NA_H5N1_2hu4-B_Oseltamivir,B,Oseltamivir,H274Y,AMBER14,4,-3.7174,-2.9396
NA_H5N1_2hu4-B_Oseltamivir,B,Oseltamivir,H274Y,AMBER15FB,4,1.9887,1.4427
NA_H5N1_2hu4-B_Oseltamivir,B,Oseltamivir,H274Y,YASARA2,4,29.6955,19.972
NA_H5N1_2hu4-C_Oseltamivir,C,Oseltamivir,E119D,AMBER14,4,24.5977,20.4243
NA_H5N1_2hu4-C_Oseltamivir,C,Oseltamivir,E119D,AMBER15FB,4,17.2727,18.1545
NA_H5N1_2hu4-C_Oseltamivir,C,Oseltamivir,E119D,YASARA2,4,24.8443,21.7732
NA_H5N1_2hu4-C_Oseltamivir,C,Oseltamivir,H274Y,AMBER14,4,1.9901,3.2663
NA_H5N1_2hu4-C_Oseltamivir,C,Oseltamivir,H274Y,AMBER15FB,4,-4.4903,12.5437
NA_H5N1_2hu4-C_Oseltamivir,C,Oseltamivir,H274Y,YASARA2,4,14.0234,10.9537
NA_H5N1_2hu4-D_Oseltamivir,D,Oseltamivir,E119D,AMBER14,4,9.7616,0.0245
NA_H5N1_2hu4-D_Oseltamivir,D,Oseltamivir,E119D,AMBER15FB,4,6.2855,5.9951
NA_H5N1_2hu4-D_Oseltamivir,D,Oseltamivir,E119D,YASARA2,4,48.861,45.5359
NA_H5N1_2hu4-D_Oseltamivir,D,Oseltamivir,H274Y,AMBER14,4,0.2361,-2.4406
NA_H5N1_2hu4-D_Oseltamivir,D,Oseltamivir,H274Y,AMBER15FB,4,-0.1317,-4.2242
NA_H5N1_2hu4-D_Oseltamivir,D,Oseltamivir,H274Y,YASARA2,4,14.7372,16.0979
NA_pH1N1_3ti5-A_Zanamivir,A,Zanamivir,E119D,AMBER14,4,11.1062,12.5793
NA_pH1N1_3ti5-A_Zanamivir,A,Zanamivir,E119D,AMBER15FB,4,13.4883,12.997
NA_pH1N1_3ti5-A_Zanamivir,A,Zanamivir,E119D,YASARA2,4,24.3805,26.2134
NA_pH1N1_3ti5-A_Zanamivir,A,Zanamivir,H274Y,AMBER14,4,1.9217,0.5073
NA_pH1N1_3ti5-A_Zanamivir,A,Zanamivir,H274Y,AMBER15FB,4,3.6085,-9.9332
NA_pH1N1_3ti5-A_Zanamivir,A,Zanamivir,H274Y,YASARA2,4,7.8681,5.9145
NA_pH1N1_3ti5-A_Zanamivir,A,Zanamivir,R292K,AMBER14,4,7.9392,6.874
NA_pH1N1_3ti5-A_Zanamivir,A,Zanamivir,R292K,AMBER15FB,4,5.5378,0.2218
NA_pH1N1_3ti5-A_Zanamivir,A,Zanamivir,R292K,YASARA2,4,6.6142,25.536
NA_pH1N1_3ti5-B_Zanamivir,B,Zanamivir,E119D,AMBER14,4,-0.3494,6.8482
NA_pH1N1_3ti5-B_Zanamivir,B,Zanamivir,E119D,AMBER15FB,4,6.1404,8.3113
NA_pH1N1_3ti5-B_Zanamivir,B,Zanamivir,E119D,YASARA2,4,25.7524,26.493
NA_pH1N1_3ti5-B_Zanamivir,B,Zanamivir,H274Y,AMBER14,4,-5.394,-1.8002
NA_pH1N1_3ti5-B_Zanamivir,B,Zanamivir,H274Y,AMBER15FB,4,-2.151,-2.3483
NA_pH1N1_3ti5-B_Zanamivir,B,Zanamivir,H274Y,YASARA2,4,-9.6805,-11.3539
NA_pH1N1_3ti5-B_Zanamivir,B,Zanamivir,R292K,AMBER14,4,20.3404,-0.1094
NA_pH1N1_3ti5-B_Zanamivir,B,Zanamivir,R292K,AMBER15FB,4,5.0189,1.6613
NA_pH1N1_3ti5-B_Zanamivir,B,Zanamivir,R292K,YASARA2,4,18.2133,21.9588
NA_pH1N1_3ti6-A_Oseltamivir,A,Oseltamivir,E119D,AMBER14,4,-3.6488,-1.9225
NA_pH1N1_3ti6-A_Oseltamivir,A,Oseltamivir,E119D,AMBER15FB,4,-5.135,-3.2966
NA_pH1N1_3ti6-A_Oseltamivir,A,Oseltamivir,E119D,YASARA2,4,-2.4539,0.9793
NA_pH1N1_3ti6-A_Oseltamivir,A,Oseltamivir,H274Y,AMBER14,4,-0.4906,-7.5967
NA_pH1N1_3ti6-A_Oseltamivir,A,Oseltamivir,H274Y,AMBER15FB,4,0.7081,-3.2118
NA_pH1N1_3ti6-A_Oseltamivir,A,Oseltamivir,H274Y,YASARA2,4,-3.0989,-3.9352
NA_pH1N1_3ti6-A_Oseltamivir,A,Oseltamivir,R292K,AMBER14,4,13.8299,12.1797
NA_pH1N1_3ti6-A_Oseltamivir,A,Oseltamivir,R292K,AMBER15FB,4,5.8624,1.9032
NA_pH1N1_3ti6-A_Oseltamivir,A,Oseltamivir,R292K,YASARA2,4,39.7644,41.7838
NA_pH1N1_3ti6-B_Oseltamivir,B,Oseltamivir,E119D,AMBER14,4,-8.411,-4.043
NA_pH1N1_3ti6-B_Oseltamivir,B,Oseltamivir,E119D,AMBER15FB,4,-10.1002,-11.0637
NA_pH1N1_3ti6-B_Oseltamivir,B,Oseltamivir,E119D,YASARA2,4,-4.0311,-2.4574
NA_pH1N1_3ti6-B_Oseltamivir,B,Oseltamivir,H274Y,AMBER14,4,-4.5906,-4.0478
NA_pH1N1_3ti6-B_Oseltamivir,B,Oseltamivir,H274Y,AMBER15FB,4,-3.6507,-3.9937
NA_pH1N1_3ti6-B_Oseltamivir,B,Oseltamivir,H274Y,YASARA2,4,-2.7403,1.0507
NA_pH1N1_3ti6-B_Oseltamivir,B,Oseltamivir,R292K,AMBER14,4,21.7178,11.7157
NA_pH1N1_3ti6-B_Oseltamivir,B,Oseltamivir,R292K,AMBER15FB,4,9.9253,14.3923
NA_pH1N1_3ti6-B_Oseltamivir,B,Oseltamivir,R292K,YASARA2,4,21.6845,24.9664
PA-I38T_pH1N1_8t5w-A_Baloxavir,A,Baloxavir,T38I,AMBER14,4,-3.4208,-3.743
PA-I38T_pH1N1_8t5w-A_Baloxavir,A,Baloxavir,T38I,AMBER15FB,4,-5.743,-6.1078
PA-I38T_pH1N1_8t5w-A_Baloxavir,A,Baloxavir,T38I,YASARA2,4,-35.8058,-36.36
PA-I38T_pH1N1_8t6z-A_Baloxavir,A,Baloxavir,T38I,AMBER14,4,-11.3648,-11.6296
PA-I38T_pH1N1_8t6z-A_Baloxavir,A,Baloxavir,T38I,AMBER15FB,4,-8.6625,-8.237
PA-I38T_pH1N1_8t6z-A_Baloxavir,A,Baloxavir,T38I,YASARA2,4,-39.0446,-38.6378
PA_H3N2_2w69-A_Baloxavir,A,Baloxavir,A37T,AMBER14,4,-0.9324,-3.2212
PA_H3N2_2w69-A_Baloxavir,A,Baloxavir,A37T,AMBER15FB,4,-3.4746,-5.977
PA_H3N2_2w69-A_Baloxavir,A,Baloxavir,A37T,YASARA2,4,-12.3947,-6.0976
PA_H3N2_2w69-A_Baloxavir,A,Baloxavir,E23K,AMBER14,4,-25.5442,-24.5295
PA_H3N2_2w69-A_Baloxavir,A,Baloxavir,E23K,AMBER15FB,4,-13.0986,-14.4564
PA_H3N2_2w69-A_Baloxavir,A,Baloxavir,E23K,YASARA2,4,-18.4689,-20.9788
PA_H3N2_2w69-A_Baloxavir,A,Baloxavir,I38T,AMBER14,4,4.5272,6.0865
PA_H3N2_2w69-A_Baloxavir,A,Baloxavir,I38T,AMBER15FB,4,0.406,5.7054
PA_H3N2_2w69-A_Baloxavir,A,Baloxavir,I38T,YASARA2,4,24.2032,23.8865
PA_pH1N1_6fs6-A_Baloxavir,A,Baloxavir,A37T,AMBER14,4,-2.394,-1.2264
PA_pH1N1_6fs6-A_Baloxavir,A,Baloxavir,A37T,AMBER15FB,4,-1.856,-1.7921
PA_pH1N1_6fs6-A_Baloxavir,A,Baloxavir,A37T,YASARA2,4,-11.4081,-14.2274
PA_pH1N1_6fs6-A_Baloxavir,A,Baloxavir,E23K,AMBER14,4,-13.9909,-13.6958
PA_pH1N1_6fs6-A_Baloxavir,A,Baloxavir,E23K,AMBER15FB,4,-15.3363,-19.5642
PA_pH1N1_6fs6-A_Baloxavir,A,Baloxavir,E23K,YASARA2,4,-10.0984,-10.2881
PA_pH1N1_6fs6-A_Baloxavir,A,Baloxavir,I38T,AMBER14,4,13.7876,13.2736
PA_pH1N1_6fs6-A_Baloxavir,A,Baloxavir,I38T,AMBER15FB,4,6.7939,9.8434
PA_pH1N1_6fs6-A_Baloxavir,A,Baloxavir,I38T,YASARA2,4,37.5987,36.8771
PA_pH1N1_6fs6-B_Baloxavir,B,Baloxavir,A37T,AMBER14,4,-2.2678,-1.4362
PA_pH1N1_6fs6-B_Baloxavir,B,Baloxavir,A37T,AMBER15FB,4,-1.4872,-1.9516
PA_pH1N1_6fs6-B_Baloxavir,B,Baloxavir,A37T,YASARA2,4,-12.5648,-13.5155
PA_pH1N1_6fs6-B_Baloxavir,B,Baloxavir,E23K,AMBER14,4,-13.9745,-13.7551
PA_pH1N1_6fs6-B_Baloxavir,B,Baloxavir,E23K,AMBER15FB,4,-15.5502,-15.6975
PA_pH1N1_6fs6-B_Baloxavir,B,Baloxavir,E23K,YASARA2,4,-16.2968,-16.4753
PA_pH1N1_6fs6-B_Baloxavir,B,Baloxavir,I38T,AMBER14,4,9.113,8.0675
PA_pH1N1_6fs6-B_Baloxavir,B,Baloxavir,I38T,AMBER15FB,4,7.9861,7.7186
PA_pH1N1_6fs6-B_Baloxavir,B,Baloxavir,I38T,YASARA2,4,38.3083,38.8792
PA_pH1N1_6fs6-C_Baloxavir,C,Baloxavir,A37T,AMBER14,4,0.4862,0.7912
PA_pH1N1_6fs6-C_Baloxavir,C,Baloxavir,A37T,AMBER15FB,4,-2.6955,-2.8447
PA_pH1N1_6fs6-C_Baloxavir,C,Baloxavir,A37T,YASARA2,4,-11.61,-10.0513
PA_pH1N1_6fs6-C_Baloxavir,C,Baloxavir,E23K,AMBER14,4,-10.6123,-10.5328
PA_pH1N1_6fs6-C_Baloxavir,C,Baloxavir,E23K,AMBER15FB,4,-14.6065,-16.6817
PA_pH1N1_6fs6-C_Baloxavir,C,Baloxavir,E23K,YASARA2,4,-13.2546,-16.4036
PA_pH1N1_6fs6-C_Baloxavir,C,Baloxavir,I38T,AMBER14,4,9.4023,10.1841
PA_pH1N1_6fs6-C_Baloxavir,C,Baloxavir,I38T,AMBER15FB,4,9.0522,8.0974
PA_pH1N1_6fs6-C_Baloxavir,C,Baloxavir,I38T,YASARA2,4,40.3127,38.8094
PA_pH1N1_6fs6-D_Baloxavir,D,Baloxavir,A37T,AMBER14,4,-0.9915,-0.728
PA_pH1N1_6fs6-D_Baloxavir,D,Baloxavir,A37T,AMBER15FB,4,-1.6552,-1.6313
PA_pH1N1_6fs6-D_Baloxavir,D,Baloxavir,A37T,YASARA2,4,-11.5286,-9.4286
PA_pH1N1_6fs6-D_Baloxavir,D,Baloxavir,E23K,AMBER14,4,-14.9001,-15.8691
PA_pH1N1_6fs6-D_Baloxavir,D,Baloxavir,E23K,AMBER15FB,4,-19.7651,-16.5434
PA_pH1N1_6fs6-D_Baloxavir,D,Baloxavir,E23K,YASARA2,4,-16.3226,-15.9053
PA_pH1N1_6fs6-D_Baloxavir,D,Baloxavir,I38T,AMBER14,4,8.0591,8.3117
PA_pH1N1_6fs6-D_Baloxavir,D,Baloxavir,I38T,AMBER15FB,4,8.7193,8.855
PA_pH1N1_6fs6-D_Baloxavir,D,Baloxavir,I38T,YASARA2,4,43.9513,43.8643
PA_pH1N1_6fs6-E_Baloxavir,E,Baloxavir,A37T,AMBER14,4,-1.4478,-1.3513
PA_pH1N1_6fs6-E_Baloxavir,E,Baloxavir,A37T,AMBER15FB,4,-1.6922,-1.2077
PA_pH1N1_6fs6-E_Baloxavir,E,Baloxavir,A37T,YASARA2,4,-10.1869,-8.8658
PA_pH1N1_6fs6-E_Baloxavir,E,Baloxavir,E23K,AMBER14,4,-20.5953,-20.543
PA_pH1N1_6fs6-E_Baloxavir,E,Baloxavir,E23K,AMBER15FB,4,-16.2633,-16.2124
PA_pH1N1_6fs6-E_Baloxavir,E,Baloxavir,E23K,YASARA2,4,-18.5308,-18.2323
PA_pH1N1_6fs6-E_Baloxavir,E,Baloxavir,I38T,AMBER14,4,9.6968,9.7288
PA_pH1N1_6fs6-E_Baloxavir,E,Baloxavir,I38T,AMBER15FB,4,10.3456,8.5411
PA_pH1N1_6fs6-E_Baloxavir,E,Baloxavir,I38T,YASARA2,4,44.8296,44.0167
PA_pH1N1_6fs6-F_Baloxavir,F,Baloxavir,A37T,AMBER14,4,-2.03,-2.27
PA_pH1N1_6fs6-F_Baloxavir,F,Baloxavir,A37T,AMBER15FB,4,-2.3996,-2.6315
PA_pH1N1_6fs6-F_Baloxavir,F,Baloxavir,A37T,YASARA2,4,-13.1309,-12.7967
PA_pH1N1_6fs6-F_Baloxavir,F,Baloxavir,E23K,AMBER14,4,-24.6919,-24.5946
PA_pH1N1_6fs6-F_Baloxavir,F,Baloxavir,E23K,AMBER15FB,4,-19.5598,-20.0985
PA_pH1N1_6fs6-F_Baloxavir,F,Baloxavir,E23K,YASARA2,4,-14.6859,-15.7296
PA_pH1N1_6fs6-F_Baloxavir,F,Baloxavir,I38T,AMBER14,4,9.7707,9.8478
PA_pH1N1_6fs6-F_Baloxavir,F,Baloxavir,I38T,AMBER15FB,4,6.9113,8.278
PA_pH1N1_6fs6-F_Baloxavir,F,Baloxavir,I38T,YASARA2,4,42.0691,41.8438
