result_source,ff,mvdist,struct_base,ligname,mutations,ebindDDG,fold_diff_log10,n_chains_averaged
PA-NA_benchmark_yasara2025_linux,AMBER14,4,NA-Y274H_H5N1_3ckz_Zanamivir,Zanamivir,Y274H,4.8695,-0.3010299956639812,1
PA-NA_benchmark_yasara2025_linux,AMBER14,4,NA_H3N2_4gzp_Oseltamivir,Oseltamivir,E119I,6.8109,2.3180633349627615,1
PA-NA_benchmark_yasara2025_linux,AMBER14,4,NA_H3N2_4gzp_Oseltamivir,Oseltamivir,H274Y,-6.1008,0.0,1
PA-NA_benchmark_yasara2025_linux,AMBER14,4,NA_H3N2_4gzp_Oseltamivir,Oseltamivir,R292K,6.7221,4.0,1
PA-NA_benchmark_yasara2025_linux,AMBER14,4,NA_H3N2_7u4g_Zanamivir,Zanamivir,H274Y,-2.3703,0.0,1
PA-NA_benchmark_yasara2025_linux,AMBER14,4,NA_H3N2_7u4g_Zanamivir,Zanamivir,R292K,10.2732,1.505149978319906,1
PA-NA_benchmark_yasara2025_linux,AMBER14,4,NA_H5N1_2hu4_Oseltamivir,Oseltamivir,E119D,5.2832625,1.9395192526186185,8
PA-NA_benchmark_yasara2025_linux,AMBER14,4,NA_H5N1_2hu4_Oseltamivir,Oseltamivir,H274Y,-1.307325,3.0791812460476247,8
PA-NA_benchmark_yasara2025_linux,AMBER14,4,NA_pH1N1_3ti5_Zanamivir,Zanamivir,E119D,8.68685,2.765966424785714,2
PA-NA_benchmark_yasara2025_linux,AMBER14,4,NA_pH1N1_3ti5_Zanamivir,Zanamivir,H274Y,-0.64645,0.8750612633917001,2
PA-NA_benchmark_yasara2025_linux,AMBER14,4,NA_pH1N1_3ti5_Zanamivir,Zanamivir,R292K,4.69635,0.5440680443502757,2
PA-NA_benchmark_yasara2025_linux,AMBER14,4,NA_pH1N1_3ti6_Oseltamivir,Oseltamivir,E119D,-2.9827500000000002,1.2041199826559248,2
PA-NA_benchmark_yasara2025_linux,AMBER14,4,NA_pH1N1_3ti6_Oseltamivir,Oseltamivir,H274Y,-5.82225,3.041392685158225,2
PA-NA_benchmark_yasara2025_linux,AMBER14,4,NA_pH1N1_3ti6_Oseltamivir,Oseltamivir,R292K,11.947700000000001,1.5185139398778875,2
PA-NA_benchmark_yasara2025_linux,AMBER14,4,PA-I38T_pH1N1_8t5w_Baloxavir,Baloxavir,T38I,-3.743,-1.431798275933005,1
PA-NA_benchmark_yasara2025_linux,AMBER14,4,PA-I38T_pH1N1_8t6z_Baloxavir,Baloxavir,T38I,-11.6296,-0.9030899869919435,1
PA-NA_benchmark_yasara2025_linux,AMBER14,4,PA_H3N2_2w69_Baloxavir,Baloxavir,A37T,-3.2212,0.7846172926328754,1
PA-NA_benchmark_yasara2025_linux,AMBER14,4,PA_H3N2_2w69_Baloxavir,Baloxavir,E23K,-24.5295,0.7403626894942439,1
PA-NA_benchmark_yasara2025_linux,AMBER14,4,PA_H3N2_2w69_Baloxavir,Baloxavir,I38T,6.0865,1.7558748556724915,1
PA-NA_benchmark_yasara2025_linux,AMBER14,4,PA_pH1N1_6fs6_Baloxavir,Baloxavir,A37T,-1.0367833333333334,0.9030899869919435,6
PA-NA_benchmark_yasara2025_linux,AMBER14,4,PA_pH1N1_6fs6_Baloxavir,Baloxavir,E23K,-16.4984,0.9030899869919435,6
PA-NA_benchmark_yasara2025_linux,AMBER14,4,PA_pH1N1_6fs6_Baloxavir,Baloxavir,I38T,9.90225,1.4313637641589874,6
PA-NA_benchmark_yasara2025_linux,AMBER15FB,4,NA-Y274H_H5N1_3ckz_Zanamivir,Zanamivir,Y274H,-1.6071,-0.3010299956639812,1
PA-NA_benchmark_yasara2025_linux,AMBER15FB,4,NA_H3N2_4gzp_Oseltamivir,Oseltamivir,E119I,16.0186,2.3180633349627615,1
PA-NA_benchmark_yasara2025_linux,AMBER15FB,4,NA_H3N2_4gzp_Oseltamivir,Oseltamivir,H274Y,-0.888,0.0,1
PA-NA_benchmark_yasara2025_linux,AMBER15FB,4,NA_H3N2_4gzp_Oseltamivir,Oseltamivir,R292K,8.6293,4.0,1
PA-NA_benchmark_yasara2025_linux,AMBER15FB,4,NA_H3N2_7u4g_Zanamivir,Zanamivir,H274Y,2.927,0.0,1
PA-NA_benchmark_yasara2025_linux,AMBER15FB,4,NA_H3N2_7u4g_Zanamivir,Zanamivir,R292K,2.877,1.505149978319906,1
PA-NA_benchmark_yasara2025_linux,AMBER15FB,4,NA_H5N1_2hu4_Oseltamivir,Oseltamivir,E119D,3.3835625,1.9395192526186185,8
PA-NA_benchmark_yasara2025_linux,AMBER15FB,4,NA_H5N1_2hu4_Oseltamivir,Oseltamivir,H274Y,2.560425,3.0791812460476247,8
PA-NA_benchmark_yasara2025_linux,AMBER15FB,4,NA_pH1N1_3ti5_Zanamivir,Zanamivir,E119D,10.68455,2.765966424785714,2
PA-NA_benchmark_yasara2025_linux,AMBER15FB,4,NA_pH1N1_3ti5_Zanamivir,Zanamivir,H274Y,-4.9293,0.8750612633917001,2
PA-NA_benchmark_yasara2025_linux,AMBER15FB,4,NA_pH1N1_3ti5_Zanamivir,Zanamivir,R292K,0.30590000000000006,0.5440680443502757,2
PA-NA_benchmark_yasara2025_linux,AMBER15FB,4,NA_pH1N1_3ti6_Oseltamivir,Oseltamivir,E119D,-7.18015,1.2041199826559248,2
PA-NA_benchmark_yasara2025_linux,AMBER15FB,4,NA_pH1N1_3ti6_Oseltamivir,Oseltamivir,H274Y,-3.6027500000000003,3.041392685158225,2
PA-NA_benchmark_yasara2025_linux,AMBER15FB,4,NA_pH1N1_3ti6_Oseltamivir,Oseltamivir,R292K,8.14775,1.5185139398778875,2
PA-NA_benchmark_yasara2025_linux,AMBER15FB,4,PA-I38T_pH1N1_8t5w_Baloxavir,Baloxavir,T38I,-6.1078,-1.431798275933005,1
PA-NA_benchmark_yasara2025_linux,AMBER15FB,4,PA-I38T_pH1N1_8t6z_Baloxavir,Baloxavir,T38I,-8.237,-0.9030899869919435,1
PA-NA_benchmark_yasara2025_linux,AMBER15FB,4,PA_H3N2_2w69_Baloxavir,Baloxavir,A37T,-5.977,0.7846172926328754,1
PA-NA_benchmark_yasara2025_linux,AMBER15FB,4,PA_H3N2_2w69_Baloxavir,Baloxavir,E23K,-14.4564,0.7403626894942439,1
PA-NA_benchmark_yasara2025_linux,AMBER15FB,4,PA_H3N2_2w69_Baloxavir,Baloxavir,I38T,5.7054,1.7558748556724915,1
PA-NA_benchmark_yasara2025_linux,AMBER15FB,4,PA_pH1N1_6fs6_Baloxavir,Baloxavir,A37T,-2.0098166666666666,0.9030899869919435,6
PA-NA_benchmark_yasara2025_linux,AMBER15FB,4,PA_pH1N1_6fs6_Baloxavir,Baloxavir,E23K,-17.466283333333333,0.9030899869919435,6
PA-NA_benchmark_yasara2025_linux,AMBER15FB,4,PA_pH1N1_6fs6_Baloxavir,Baloxavir,I38T,8.555583333333333,1.4313637641589874,6
PA-NA_benchmark_yasara2025_linux,YASARA2,4,NA-Y274H_H5N1_3ckz_Zanamivir,Zanamivir,Y274H,3.5833,-0.3010299956639812,1
PA-NA_benchmark_yasara2025_linux,YASARA2,4,NA_H3N2_4gzp_Oseltamivir,Oseltamivir,E119I,22.9742,2.3180633349627615,1
PA-NA_benchmark_yasara2025_linux,YASARA2,4,NA_H3N2_4gzp_Oseltamivir,Oseltamivir,H274Y,4.5442,0.0,1
PA-NA_benchmark_yasara2025_linux,YASARA2,4,NA_H3N2_4gzp_Oseltamivir,Oseltamivir,R292K,2.638,4.0,1
PA-NA_benchmark_yasara2025_linux,YASARA2,4,NA_H3N2_7u4g_Zanamivir,Zanamivir,H274Y,-3.8687,0.0,1
PA-NA_benchmark_yasara2025_linux,YASARA2,4,NA_H3N2_7u4g_Zanamivir,Zanamivir,R292K,-8.0538,1.505149978319906,1
PA-NA_benchmark_yasara2025_linux,YASARA2,4,NA_H5N1_2hu4_Oseltamivir,Oseltamivir,E119D,21.1483125,1.9395192526186185,8
PA-NA_benchmark_yasara2025_linux,YASARA2,4,NA_H5N1_2hu4_Oseltamivir,Oseltamivir,H274Y,9.46845,3.0791812460476247,8
PA-NA_benchmark_yasara2025_linux,YASARA2,4,NA_pH1N1_3ti5_Zanamivir,Zanamivir,E119D,26.3532,2.765966424785714,2
PA-NA_benchmark_yasara2025_linux,YASARA2,4,NA_pH1N1_3ti5_Zanamivir,Zanamivir,H274Y,-2.7196999999999996,0.8750612633917001,2
PA-NA_benchmark_yasara2025_linux,YASARA2,4,NA_pH1N1_3ti5_Zanamivir,Zanamivir,R292K,23.7474,0.5440680443502757,2
PA-NA_benchmark_yasara2025_linux,YASARA2,4,NA_pH1N1_3ti6_Oseltamivir,Oseltamivir,E119D,-0.73905,1.2041199826559248,2
PA-NA_benchmark_yasara2025_linux,YASARA2,4,NA_pH1N1_3ti6_Oseltamivir,Oseltamivir,H274Y,-1.44225,3.041392685158225,2
PA-NA_benchmark_yasara2025_linux,YASARA2,4,NA_pH1N1_3ti6_Oseltamivir,Oseltamivir,R292K,33.3751,1.5185139398778875,2
PA-NA_benchmark_yasara2025_linux,YASARA2,4,PA-I38T_pH1N1_8t5w_Baloxavir,Baloxavir,T38I,-36.36,-1.431798275933005,1
PA-NA_benchmark_yasara2025_linux,YASARA2,4,PA-I38T_pH1N1_8t6z_Baloxavir,Baloxavir,T38I,-38.6378,-0.9030899869919435,1
PA-NA_benchmark_yasara2025_linux,YASARA2,4,PA_H3N2_2w69_Baloxavir,Baloxavir,A37T,-6.0976,0.7846172926328754,1
PA-NA_benchmark_yasara2025_linux,YASARA2,4,PA_H3N2_2w69_Baloxavir,Baloxavir,E23K,-20.9788,0.7403626894942439,1
PA-NA_benchmark_yasara2025_linux,YASARA2,4,PA_H3N2_2w69_Baloxavir,Baloxavir,I38T,23.8865,1.7558748556724915,1
PA-NA_benchmark_yasara2025_linux,YASARA2,4,PA_pH1N1_6fs6_Baloxavir,Baloxavir,A37T,-11.480883333333333,0.9030899869919435,6
PA-NA_benchmark_yasara2025_linux,YASARA2,4,PA_pH1N1_6fs6_Baloxavir,Baloxavir,E23K,-15.5057,0.9030899869919435,6
PA-NA_benchmark_yasara2025_linux,YASARA2,4,PA_pH1N1_6fs6_Baloxavir,Baloxavir,I38T,40.71508333333333,1.4313637641589874,6
PA-NA_benchmark_yasara2026_linux,AMBER14,4,NA-Y274H_H5N1_3ckz_Zanamivir,Zanamivir,Y274H,1.5105,-0.3010299956639812,1
PA-NA_benchmark_yasara2026_linux,AMBER14,4,NA_H3N2_4gzp_Oseltamivir,Oseltamivir,E119I,7.2935,2.3180633349627615,1
PA-NA_benchmark_yasara2026_linux,AMBER14,4,NA_H3N2_4gzp_Oseltamivir,Oseltamivir,H274Y,-0.587,0.0,1
PA-NA_benchmark_yasara2026_linux,AMBER14,4,NA_H3N2_4gzp_Oseltamivir,Oseltamivir,R292K,6.5733,4.0,1
PA-NA_benchmark_yasara2026_linux,AMBER14,4,NA_H3N2_7u4g_Zanamivir,Zanamivir,H274Y,-0.9769,0.0,1
PA-NA_benchmark_yasara2026_linux,AMBER14,4,NA_H3N2_7u4g_Zanamivir,Zanamivir,R292K,2.6131,1.505149978319906,1
PA-NA_benchmark_yasara2026_linux,AMBER14,4,NA_H5N1_2hu4_Oseltamivir,Oseltamivir,E119D,6.3438875,1.9395192526186185,8
PA-NA_benchmark_yasara2026_linux,AMBER14,4,NA_H5N1_2hu4_Oseltamivir,Oseltamivir,H274Y,-0.5994625,3.0791812460476247,8
PA-NA_benchmark_yasara2026_linux,AMBER14,4,NA_pH1N1_3ti5_Zanamivir,Zanamivir,E119D,5.3784,2.765966424785714,2
PA-NA_benchmark_yasara2026_linux,AMBER14,4,NA_pH1N1_3ti5_Zanamivir,Zanamivir,H274Y,-1.73615,0.8750612633917001,2
PA-NA_benchmark_yasara2026_linux,AMBER14,4,NA_pH1N1_3ti5_Zanamivir,Zanamivir,R292K,13.9191,0.5440680443502757,2
PA-NA_benchmark_yasara2026_linux,AMBER14,4,NA_pH1N1_3ti6_Oseltamivir,Oseltamivir,E119D,-6.0299,1.2041199826559248,2
PA-NA_benchmark_yasara2026_linux,AMBER14,4,NA_pH1N1_3ti6_Oseltamivir,Oseltamivir,H274Y,-2.5406,3.041392685158225,2
PA-NA_benchmark_yasara2026_linux,AMBER14,4,NA_pH1N1_3ti6_Oseltamivir,Oseltamivir,R292K,18.22135,1.5185139398778875,2
PA-NA_benchmark_yasara2026_linux,AMBER14,4,PA-I38T_pH1N1_8t5w_Baloxavir,Baloxavir,T38I,-3.4208,-1.431798275933005,1
PA-NA_benchmark_yasara2026_linux,AMBER14,4,PA-I38T_pH1N1_8t6z_Baloxavir,Baloxavir,T38I,-11.3648,-0.9030899869919435,1
PA-NA_benchmark_yasara2026_linux,AMBER14,4,PA_H3N2_2w69_Baloxavir,Baloxavir,A37T,-0.9324,0.7846172926328754,1
PA-NA_benchmark_yasara2026_linux,AMBER14,4,PA_H3N2_2w69_Baloxavir,Baloxavir,E23K,-25.5442,0.7403626894942439,1
PA-NA_benchmark_yasara2026_linux,AMBER14,4,PA_H3N2_2w69_Baloxavir,Baloxavir,I38T,4.5272,1.7558748556724915,1
PA-NA_benchmark_yasara2026_linux,AMBER14,4,PA_pH1N1_6fs6_Baloxavir,Baloxavir,A37T,-1.4408166666666666,0.9030899869919435,6
PA-NA_benchmark_yasara2026_linux,AMBER14,4,PA_pH1N1_6fs6_Baloxavir,Baloxavir,E23K,-16.460833333333333,0.9030899869919435,6
PA-NA_benchmark_yasara2026_linux,AMBER14,4,PA_pH1N1_6fs6_Baloxavir,Baloxavir,I38T,9.971583333333333,1.4313637641589874,6
PA-NA_benchmark_yasara2026_linux,AMBER15FB,4,NA-Y274H_H5N1_3ckz_Zanamivir,Zanamivir,Y274H,-3.3321,-0.3010299956639812,1
PA-NA_benchmark_yasara2026_linux,AMBER15FB,4,NA_H3N2_4gzp_Oseltamivir,Oseltamivir,E119I,21.3798,2.3180633349627615,1
PA-NA_benchmark_yasara2026_linux,AMBER15FB,4,NA_H3N2_4gzp_Oseltamivir,Oseltamivir,H274Y,-5.5328,0.0,1
PA-NA_benchmark_yasara2026_linux,AMBER15FB,4,NA_H3N2_4gzp_Oseltamivir,Oseltamivir,R292K,3.863,4.0,1
PA-NA_benchmark_yasara2026_linux,AMBER15FB,4,NA_H3N2_7u4g_Zanamivir,Zanamivir,H274Y,4.8719,0.0,1
PA-NA_benchmark_yasara2026_linux,AMBER15FB,4,NA_H3N2_7u4g_Zanamivir,Zanamivir,R292K,2.2736,1.505149978319906,1
PA-NA_benchmark_yasara2026_linux,AMBER15FB,4,NA_H5N1_2hu4_Oseltamivir,Oseltamivir,E119D,2.1533125,1.9395192526186185,8
PA-NA_benchmark_yasara2026_linux,AMBER15FB,4,NA_H5N1_2hu4_Oseltamivir,Oseltamivir,H274Y,-1.02095,3.0791812460476247,8
PA-NA_benchmark_yasara2026_linux,AMBER15FB,4,NA_pH1N1_3ti5_Zanamivir,Zanamivir,E119D,8.8844,2.765966424785714,2
PA-NA_benchmark_yasara2026_linux,AMBER15FB,4,NA_pH1N1_3ti5_Zanamivir,Zanamivir,H274Y,0.72875,0.8750612633917001,2
PA-NA_benchmark_yasara2026_linux,AMBER15FB,4,NA_pH1N1_3ti5_Zanamivir,Zanamivir,R292K,5.27835,0.5440680443502757,2
PA-NA_benchmark_yasara2026_linux,AMBER15FB,4,NA_pH1N1_3ti6_Oseltamivir,Oseltamivir,E119D,-7.6175999999999995,1.2041199826559248,2
PA-NA_benchmark_yasara2026_linux,AMBER15FB,4,NA_pH1N1_3ti6_Oseltamivir,Oseltamivir,H274Y,-1.4713,3.041392685158225,2
PA-NA_benchmark_yasara2026_linux,AMBER15FB,4,NA_pH1N1_3ti6_Oseltamivir,Oseltamivir,R292K,7.8938500000000005,1.5185139398778875,2
PA-NA_benchmark_yasara2026_linux,AMBER15FB,4,PA-I38T_pH1N1_8t5w_Baloxavir,Baloxavir,T38I,-5.743,-1.431798275933005,1
PA-NA_benchmark_yasara2026_linux,AMBER15FB,4,PA-I38T_pH1N1_8t6z_Baloxavir,Baloxavir,T38I,-8.6625,-0.9030899869919435,1
PA-NA_benchmark_yasara2026_linux,AMBER15FB,4,PA_H3N2_2w69_Baloxavir,Baloxavir,A37T,-3.4746,0.7846172926328754,1
PA-NA_benchmark_yasara2026_linux,AMBER15FB,4,PA_H3N2_2w69_Baloxavir,Baloxavir,E23K,-13.0986,0.7403626894942439,1
PA-NA_benchmark_yasara2026_linux,AMBER15FB,4,PA_H3N2_2w69_Baloxavir,Baloxavir,I38T,0.406,1.7558748556724915,1
PA-NA_benchmark_yasara2026_linux,AMBER15FB,4,PA_pH1N1_6fs6_Baloxavir,Baloxavir,A37T,-1.9642833333333334,0.9030899869919435,6
PA-NA_benchmark_yasara2026_linux,AMBER15FB,4,PA_pH1N1_6fs6_Baloxavir,Baloxavir,E23K,-16.846866666666667,0.9030899869919435,6
PA-NA_benchmark_yasara2026_linux,AMBER15FB,4,PA_pH1N1_6fs6_Baloxavir,Baloxavir,I38T,8.3014,1.4313637641589874,6
PA-NA_benchmark_yasara2026_linux,YASARA2,4,NA-Y274H_H5N1_3ckz_Zanamivir,Zanamivir,Y274H,3.1197,-0.3010299956639812,1
PA-NA_benchmark_yasara2026_linux,YASARA2,4,NA_H3N2_4gzp_Oseltamivir,Oseltamivir,E119I,25.7893,2.3180633349627615,1
PA-NA_benchmark_yasara2026_linux,YASARA2,4,NA_H3N2_4gzp_Oseltamivir,Oseltamivir,H274Y,0.3813,0.0,1
PA-NA_benchmark_yasara2026_linux,YASARA2,4,NA_H3N2_4gzp_Oseltamivir,Oseltamivir,R292K,8.0621,4.0,1
PA-NA_benchmark_yasara2026_linux,YASARA2,4,NA_H3N2_7u4g_Zanamivir,Zanamivir,H274Y,-7.7718,0.0,1
PA-NA_benchmark_yasara2026_linux,YASARA2,4,NA_H3N2_7u4g_Zanamivir,Zanamivir,R292K,-8.7994,1.505149978319906,1
PA-NA_benchmark_yasara2026_linux,YASARA2,4,NA_H5N1_2hu4_Oseltamivir,Oseltamivir,E119D,20.0479625,1.9395192526186185,8
PA-NA_benchmark_yasara2026_linux,YASARA2,4,NA_H5N1_2hu4_Oseltamivir,Oseltamivir,H274Y,8.6462,3.0791812460476247,8
PA-NA_benchmark_yasara2026_linux,YASARA2,4,NA_pH1N1_3ti5_Zanamivir,Zanamivir,E119D,25.066450000000003,2.765966424785714,2
PA-NA_benchmark_yasara2026_linux,YASARA2,4,NA_pH1N1_3ti5_Zanamivir,Zanamivir,H274Y,-1.07395,0.8750612633917001,2
PA-NA_benchmark_yasara2026_linux,YASARA2,4,NA_pH1N1_3ti5_Zanamivir,Zanamivir,R292K,12.41375,0.5440680443502757,2
PA-NA_benchmark_yasara2026_linux,YASARA2,4,NA_pH1N1_3ti6_Oseltamivir,Oseltamivir,E119D,-3.2425,1.2041199826559248,2
PA-NA_benchmark_yasara2026_linux,YASARA2,4,NA_pH1N1_3ti6_Oseltamivir,Oseltamivir,H274Y,-2.9196,3.041392685158225,2
PA-NA_benchmark_yasara2026_linux,YASARA2,4,NA_pH1N1_3ti6_Oseltamivir,Oseltamivir,R292K,31.6813,1.5185139398778875,2
PA-NA_benchmark_yasara2026_linux,YASARA2,4,PA-I38T_pH1N1_8t5w_Baloxavir,Baloxavir,T38I,-35.8058,-1.431798275933005,1
PA-NA_benchmark_yasara2026_linux,YASARA2,4,PA-I38T_pH1N1_8t6z_Baloxavir,Baloxavir,T38I,-39.0446,-0.9030899869919435,1
PA-NA_benchmark_yasara2026_linux,YASARA2,4,PA_H3N2_2w69_Baloxavir,Baloxavir,A37T,-12.3947,0.7846172926328754,1
PA-NA_benchmark_yasara2026_linux,YASARA2,4,PA_H3N2_2w69_Baloxavir,Baloxavir,E23K,-18.4689,0.7403626894942439,1
PA-NA_benchmark_yasara2026_linux,YASARA2,4,PA_H3N2_2w69_Baloxavir,Baloxavir,I38T,24.2032,1.7558748556724915,1
PA-NA_benchmark_yasara2026_linux,YASARA2,4,PA_pH1N1_6fs6_Baloxavir,Baloxavir,A37T,-11.430883333333334,0.9030899869919435,6
PA-NA_benchmark_yasara2026_linux,YASARA2,4,PA_pH1N1_6fs6_Baloxavir,Baloxavir,E23K,-14.97705,0.9030899869919435,6
PA-NA_benchmark_yasara2026_linux,YASARA2,4,PA_pH1N1_6fs6_Baloxavir,Baloxavir,I38T,40.77885,1.4313637641589874,6
